x,y,z,h,local_x,local_y,local_z
399242.50670129404,6412023.861878326,128.67240350277112,17.64,-53.33,3.35,-13.22
399246.5985360484,6412025.256650116,128.67240350277112,17.64,-49.31,4.94,-13.22
399255.0372293502,6412051.010513036,128.42240350277112,17.39,-42.12,31.07,-13.47
399207.3825057975,6412048.109647105,128.3724035027711,17.34,-89.58,25.88,-13.52
399254.4560059777,6412026.470061138,128.2724035027711,17.24,-41.52,6.53,-13.620000000000001
399246.63882753026,6412049.582876221,128.2424035027711,17.21,-50.44,29.240000000000002,-13.65
399235.13576168683,6412042.728310137,128.0524035027711,17.02,-61.6,21.84,-13.84
399211.30323354295,6412048.861906332,128.0324035027711,17.0,-85.7,26.82,-13.86
399254.28824356187,6412010.930139783,127.98240350277112,16.95,-40.94,-9.0,-13.91
399246.1471194163,6412029.603398672,127.91240350277111,16.88,-49.97,9.26,-13.98
399250.8712345183,6412050.570414113,127.90240350277112,16.869999999999997,-46.26,30.43,-13.99
399230.9591834681,6412042.068465928,127.89240350277112,16.86,-65.74,20.98,-14.0
399258.5231926152,6412027.145185466,127.89240350277112,16.86,-37.49,7.4,-14.0
399251.00102493,6412024.994559203,127.84240350277112,16.81,-44.9,4.89,-14.05
399192.21760865866,6412070.615230742,127.80240350277111,16.77,-105.81,47.63,-14.09
399203.41568444535,6412047.439700572,127.78240350277112,16.75,-93.51,25.02,-14.11
399184.5176875274,6412068.72345523,127.75240350277112,16.72,-113.41,45.37,-14.14
399226.93098839343,6412041.371440504,127.67240350277112,16.64,-69.73,20.09,-14.22
399266.80080355913,6412062.858328102,127.60240350277111,16.57,-30.94,43.47,-14.290000000000001
399275.15042382904,6412089.2572228005,127.59240350277112,16.56,-23.87,70.24,-14.3
399242.9420607392,6412048.699691478,127.50240350277112,16.47,-54.09,28.18,-14.39
399259.145835714,6412066.68100613,127.49240350277111,16.46,-38.77,46.92,-14.4
399238.79811974213,6412043.312804341,127.47240350277112,16.439999999999998,-57.97,22.6,-14.42
399196.02676991886,6412055.955012785,127.41240350277111,16.38,-101.3,33.17,-14.48
399235.14736888494,6412052.739342318,127.38240350277111,16.35,-62.07,31.84,-14.51
399188.10881332797,6412049.3282440845,127.37240350277112,16.34,-108.89,26.17,-14.52
399262.12847028684,6412017.190223239,127.37240350277112,16.34,-33.410000000000004,-2.37,-14.52
399259.43338413135,6412076.808899093,127.36240350277112,16.33,-38.97,57.050000000000004,-14.530000000000001
399200.7199964647,6412071.707476865,127.30240350277111,16.27,-97.37,49.13,-14.59
399250.5748513796,6412030.281181577,127.30240350277111,16.27,-45.58,10.15,-14.59
399255.2190068872,6412060.813117636,127.30240350277111,16.27,-42.410000000000004,40.87,-14.59
399260.01134971174,6412050.560705712,127.29240350277112,16.259999999999998,-37.13,30.86,-14.6
399266.41896808945,6412042.873558859,127.29240350277112,16.259999999999998,-30.36,23.490000000000002,-14.6
399196.0501530411,6412050.827951909,127.28240350277112,16.25,-101.03,28.05,-14.61
399274.6937582519,6412064.6006444385,127.28240350277112,16.25,-23.14,45.59,-14.61
399227.5237344304,6412051.184286784,127.25240350277112,16.22,-69.61,29.92,-14.64
399254.1624181639,6412020.997848952,127.25240350277112,16.22,-41.550000000000004,1.05,-14.64
399279.5208583776,6412090.408310052,127.21240350277111,16.18,-19.56,71.60000000000001,-14.68
399196.46302980516,6412071.041492737,127.20240350277112,16.17,-101.59,48.26,-14.69
399231.41028124356,6412052.058331331,127.19240350277111,16.159999999999997,-65.77,30.98,-14.700000000000001
399215.8131509173,6412053.740599321,127.17240350277112,16.14,-81.43,31.91,-14.72
399243.7546271301,6412063.908210007,127.16240350277111,16.13,-54.01,43.410000000000004,-14.73
399254.2966360566,6412015.885473227,127.16240350277111,16.13,-41.17,-4.05,-14.73
399215.62604285026,6412049.024139782,127.15240350277112,16.119999999999997,-81.39,27.19,-14.74
399274.37558791833,6412044.482658268,127.12240350277112,16.09,-22.490000000000002,25.48,-14.77
399270.8849413047,6412064.093285136,127.10240350277111,16.07,-26.92,44.9,-14.790000000000001
399262.9135224231,6412062.384782571,127.08240350277111,16.049999999999997,-34.800000000000004,42.81,-14.81
399267.3013235461,6412078.031817475,127.07240350277112,16.04,-31.17,58.65,-14.82
399219.33339302836,6412050.127069818,127.05240350277111,16.02,-77.74,28.47,-14.84
399271.7037092984,6412088.992725269,127.04240350277112,16.009999999999998,-27.3,69.81,-14.85
399267.22362990887,6412088.267405571,127.03240350277112,16.0,-31.740000000000002,68.87,-14.86
399256.2305551829,6412085.973586034,127.01240350277112,15.979999999999999,-42.61,66.05,-14.88
399279.41439201095,6412085.287502993,126.99240350277111,15.959999999999999,-19.42,66.48,-14.9
399207.5852611415,6412052.735248716,126.98240350277112,15.95,-89.60000000000001,30.51,-14.91
399247.4247210308,6412059.456501263,126.98240350277112,15.95,-50.13,39.14,-14.91
399251.0476064602,6412060.052908139,126.98240350277112,15.95,-46.54,39.910000000000004,-14.91
399255.2488811006,6412075.568764268,126.98240350277112,15.95,-43.09,55.61,-14.91
399275.01281564654,6412079.332351819,126.98240350277112,15.95,-23.53,60.32,-14.91
399194.852107631,6412001.007904866,126.97240350277112,15.94,-99.83,-21.77,-14.92
399250.312915813,6412005.094621872,126.97240350277112,15.94,-44.63,-15.02,-14.92
399251.2851739301,6412075.379224127,126.96240350277111,15.93,-47.04,55.230000000000004,-14.93
399259.30580320774,6412061.687529345,126.96240350277111,15.93,-38.37,41.94,-14.93
399271.4930291423,6412083.786833043,126.96240350277111,15.93,-27.26,64.6,-14.93
399273.799567794,6412019.010877788,126.96240350277111,15.93,-21.84,0.01,-14.93
399279.11849679565,6412100.138932084,126.96240350277111,15.93,-20.43,81.3,-14.93
399187.6779202002,6412039.757892412,126.93240350277111,15.899999999999999,-108.86,16.59,-14.96
399263.3723400558,6412087.501790481,126.89240350277112,15.86,-35.550000000000004,67.92,-15.0
399269.54008191754,6412018.084713617,126.88240350277111,15.85,-26.05,-1.12,-15.01
399258.09386865445,6412021.349128104,126.87240350277112,15.84,-37.64,1.59,-15.02
399262.4288024514,6412042.134655493,126.87240350277112,15.84,-34.31,22.56,-15.02
399227.5600152017,6412061.084003131,126.85240350277111,15.819999999999999,-70.05,39.81,-15.040000000000001
399251.8716566791,6412065.729838756,126.85240350277111,15.819999999999999,-45.99,45.62,-15.040000000000001
399243.44792463636,6412054.421981379,126.84240350277112,15.809999999999999,-53.86,33.92,-15.05
399239.4352629371,6412053.423860101,126.79240350277112,15.76,-57.82,32.730000000000004,-15.1
399243.31806176744,6412058.793289608,126.79240350277112,15.76,-54.2,38.28,-15.1
399270.5300708217,6412043.836904241,126.79240350277112,15.76,-26.3,24.650000000000002,-15.1
399196.21997906716,6412065.787101587,126.78240350277112,15.75,-101.58,43.0,-15.11
399242.9961111342,6412008.870978487,126.78240350277112,15.75,-52.120000000000005,-11.6,-15.11
399255.14327633864,6412065.892641716,126.76240350277112,15.729999999999999,-42.730000000000004,45.94,-15.13
399239.4895963006,6412063.2826606305,126.75240350277112,15.719999999999999,-58.24,42.58,-15.14
399251.4705855482,6412080.476205833,126.75240350277112,15.719999999999999,-47.1,60.33,-15.14
399274.7218449633,6412094.493903061,126.75240350277112,15.719999999999999,-24.55,75.45,-15.14
399153.3104851737,6412093.853813788,126.75240350277112,15.719999999999999,-145.79,68.97,-15.14
399183.22336912795,6411999.235268178,126.74240350277111,15.709999999999999,-111.36,-24.1,-15.15
399279.0683402614,6412095.35580713,126.74240350277111,15.709999999999999,-20.25,76.52,-15.15
399255.9481457209,6412080.941345491,126.72240350277112,15.69,-42.65,61.01,-15.17
399196.65235161263,6412085.989691866,126.69240350277111,15.659999999999998,-102.12,63.2,-15.200000000000001
399271.0866956861,6412073.89492761,126.69240350277111,15.659999999999998,-27.19,54.7,-15.200000000000001
399246.8954779232,6412035.163835666,126.67240350277112,15.639999999999999,-49.49,14.85,-15.22
399263.2189706946,6412077.457539497,126.67240350277112,15.639999999999999,-35.22,57.88,-15.22
399274.0085515013,6412024.597292185,126.67240350277112,15.639999999999999,-21.900000000000002,5.6000000000000005,-15.22
399267.47434142686,6412083.079338135,126.66240350277111,15.629999999999999,-31.240000000000002,63.7,-15.23
399188.26660330966,6412044.705301046,126.64240350277112,15.61,-108.51,21.56,-15.25
399239.3294532203,6412058.294589441,126.64240350277112,15.61,-58.160000000000004,37.59,-15.25
399246.9291618044,6412055.195407381,126.64240350277112,15.61,-50.42,34.86,-15.25
399125.08048894926,6412054.205951135,126.64240350277112,15.61,-172.08,28.01,-15.25
399255.17221779417,6412056.099911637,126.63240350277111,15.6,-42.230000000000004,36.160000000000004,-15.26
399266.62201978225,6412092.821619582,126.63240350277111,15.6,-32.56,73.39,-15.26
399242.75300557155,6412028.975950499,126.61240350277112,15.579999999999998,-53.33,8.47,-15.280000000000001
399263.2650254648,6412082.571244509,126.61240350277112,15.579999999999998,-35.42,62.99,-15.280000000000001
399157.14867242286,6412094.13950355,126.61240350277112,15.579999999999998,-141.97,69.44,-15.280000000000001
399207.24674680195,6412032.818474175,126.60240350277111,15.569999999999999,-88.98,10.6,-15.290000000000001
399259.31175155076,6412071.788938383,126.60240350277111,15.569999999999999,-38.85,52.03,-15.290000000000001
399188.4873564214,6412074.649350004,126.59240350277112,15.559999999999999,-109.73,51.480000000000004,-15.3
399191.86966463295,6412040.316890274,126.59240350277112,15.559999999999999,-104.7,17.35,-15.3
399203.65213965863,6412051.933528441,126.58240350277111,15.549999999999999,-93.49,29.52,-15.31
399223.678698397,6412050.548521183,126.57240350277112,15.54,-73.42,29.1,-15.32
399244.19110143965,6412083.780220229,126.56240350277112,15.53,-54.53,63.28,-15.33
399278.9905646987,6412065.054466385,126.56240350277112,15.53,-18.87,46.25,-15.33
399204.6033674113,6412062.329804975,126.55240350277111,15.52,-93.04,39.95,-15.34
399231.0020395233,6412021.963126752,126.55240350277111,15.52,-64.73,0.9,-15.34
399207.93574037205,6412063.130423766,126.54240350277112,15.51,-89.75,40.910000000000004,-15.35
399247.44542958995,6412074.853331166,126.53240350277112,15.5,-50.85,54.52,-15.36
399199.4852737539,6412036.716362853,126.51240350277112,15.479999999999999,-96.92,14.120000000000001,-15.38
399250.525351495,6412035.489593019,126.51240350277112,15.479999999999999,-45.88,15.35,-15.38
399266.32912711403,6412017.518525266,126.50240350277112,15.469999999999999,-29.23,-1.84,-15.39
399105.83711291954,6412075.386200871,126.49240350277111,15.459999999999999,-192.32,48.24,-15.4
399234.3238062487,6412007.576672504,126.48240350277112,15.45,-60.72,-13.31,-15.41
399200.21574187494,6412056.664318042,126.47240350277112,15.44,-97.15,34.08,-15.42
399254.34965612076,6412005.7612009635,126.46240350277111,15.43,-40.63,-14.16,-15.43
399265.97762146447,6412013.130354373,126.45240350277112,15.42,-29.37,-6.24,-15.44
399199.56487565534,6412046.684073902,126.41240350277111,15.379999999999999,-97.32000000000001,24.080000000000002,-15.48
399226.5628759488,6412021.255859647,126.41240350277111,15.379999999999999,-69.13,-0.02,-15.48
399239.7159465821,6412083.36502268,126.40240350277112,15.37,-58.980000000000004,62.65,-15.49
399250.26274329063,6412020.474842372,126.40240350277112,15.37,-45.42,0.34,-15.49
399187.90286612924,6412054.61427149,126.39240350277112,15.36,-109.35000000000001,31.44,-15.5
399222.591663344,6412010.724707265,126.38240350277111,15.35,-72.59,-10.73,-15.51
399231.77617994783,6412061.942172595,126.38240350277111,15.35,-65.88,40.87,-15.51
399230.750694204,6412032.1269855425,126.38240350277111,15.35,-65.47,11.040000000000001,-15.51
399238.74911690876,6412028.36785875,126.38240350277111,15.35,-57.300000000000004,7.67,-15.51
399206.9653905193,6412013.049120658,126.37240350277112,15.34,-88.31,-9.16,-15.52
399211.2517571895,6412063.591436203,126.37240350277112,15.34,-86.46000000000001,41.53,-15.52
399231.09502013656,6412046.967603442,126.37240350277112,15.34,-65.84,25.88,-15.52
399219.9593967081,6412054.60213623,126.35240350277111,15.319999999999999,-77.33,32.97,-15.540000000000001
399247.3757022091,6412064.674901125,126.35240350277111,15.319999999999999,-50.43,44.35,-15.540000000000001
399200.1173396785,6412051.503076235,126.34240350277112,15.309999999999999,-97.0,28.92,-15.55
399238.2665489926,6412008.578161225,126.31240350277112,15.28,-56.83,-12.120000000000001,-15.58
399199.92469612666,6412066.419613652,126.30240350277111,15.27,-97.91,43.81,-15.59
399191.95261112717,6412035.387192528,126.29240350277112,15.26,-104.38,12.43,-15.6
399212.00637212384,6412053.483431635,126.29240350277112,15.26,-85.22,31.470000000000002,-15.6
399242.8588381369,6412039.072548912,126.29240350277112,15.26,-53.71,18.56,-15.6
399278.2756847774,6412019.446052176,126.29240350277112,15.26,-17.39,0.66,-15.6
399242.55117612507,6412013.7680523945,126.28240350277112,15.249999999999998,-52.800000000000004,-6.73,-15.610000000000001
399251.0808386466,6412055.546091567,126.28240350277112,15.249999999999998,-46.29,35.410000000000004,-15.610000000000001
399215.1342436831,6412043.801752056,126.27240350277111,15.239999999999998,-81.63,21.95,-15.620000000000001
399278.5215442207,6412035.15240927,126.27240350277111,15.239999999999998,-17.900000000000002,16.36,-15.620000000000001
399234.57865575945,6412012.660298349,126.26240350277112,15.229999999999999,-60.71,-8.22,-15.63
399270.0093595672,6412023.878846727,126.26240350277112,15.229999999999999,-25.86,4.69,-15.63
399258.16923204163,6412016.469853532,126.25240350277112,15.219999999999999,-37.33,-3.2800000000000002,-15.64
399191.31203880603,6412015.434907769,126.22240350277112,15.19,-104.06,-7.53,-15.67
399192.3599524063,6412075.233730308,126.21240350277111,15.18,-105.89,52.25,-15.68
399183.4556155362,6412038.980111388,126.19240350277111,15.159999999999998,-113.04,15.610000000000001,-15.700000000000001
399211.1128357076,6412033.683492427,126.19240350277111,15.159999999999998,-85.16,11.65,-15.700000000000001
399196.3143800211,6412075.854215793,126.18240350277111,15.149999999999999,-101.97,53.06,-15.71
399211.91042093944,6412078.30678744,126.18240350277111,15.149999999999999,-86.51,56.26,-15.71
399199.03145832656,6412001.517441684,126.16240350277111,15.129999999999999,-95.68,-21.06,-15.73
399211.35875944374,6412043.3628685195,126.16240350277111,15.129999999999999,-85.38,21.330000000000002,-15.73
399238.24208984256,6412013.475007326,126.16240350277111,15.129999999999999,-57.09,-7.23,-15.73
399270.70620549197,6412033.566540248,126.16240350277111,15.129999999999999,-25.63,14.4,-15.73
399206.2307684173,6412002.992817638,126.15240350277112,15.12,-88.56,-19.240000000000002,-15.74
399219.7167105237,6412064.945786621,126.15240350277112,15.12,-78.07000000000001,43.29,-15.74
399267.2086392814,6412098.349799894,126.15240350277112,15.12,-32.24,78.94,-15.74
399275.46010114637,6412099.844583189,126.14240350277112,15.11,-24.07,80.83,-15.75
399234.5999230548,6412017.675081266,126.13240350277111,15.1,-60.93,-3.21,-15.76
399246.21642055863,6412014.41247713,126.13240350277111,15.1,-49.17,-5.91,-15.76
399271.9224536246,6412094.158182746,126.13240350277111,15.1,-27.330000000000002,74.98,-15.76
399247.09752440074,6412039.358972995,126.11240350277112,15.079999999999998,-49.49,19.05,-15.780000000000001
399187.59660846984,6412034.535757943,126.10240350277111,15.069999999999999,-108.69,11.370000000000001,-15.790000000000001
399234.8211732176,6412027.465773189,126.10240350277111,15.069999999999999,-61.18,6.58,-15.790000000000001
399239.5389046104,6412068.25604667,126.09240350277112,15.059999999999999,-58.43,47.550000000000004,-15.8
399183.64699148556,6412034.01515668,126.08240350277111,15.049999999999999,-112.61,10.66,-15.81
399270.16059286083,6412013.299322706,126.08240350277111,15.049999999999999,-25.2,-5.87,-15.81
399141.70981314144,6412091.208816925,126.08240350277111,15.049999999999999,-157.25,65.77,-15.81
399215.97977562057,6412059.278995859,126.07240350277112,15.04,-81.53,37.45,-15.82
399230.6018071485,6412017.186850584,126.07240350277112,15.04,-64.9,-3.89,-15.82
399247.59306503116,6412079.581703379,126.07240350277112,15.04,-50.93,59.25,-15.82
399254.5332414002,6412031.191812367,126.06240350277112,15.03,-41.67,11.25,-15.83
399262.3102612039,6412022.627773427,126.06240350277112,15.03,-33.49,3.0700000000000003,-15.83
399279.06664642046,6412079.938038254,126.06240350277112,15.03,-19.51,61.120000000000005,-15.83
399121.00079467264,6412053.27112783,126.05240350277111,15.02,-176.11,26.88,-15.84
399201.31222260214,6412086.70635243,126.04240350277112,15.01,-97.5,64.14,-15.85
399223.48299288016,6412055.42358009,126.03240350277112,14.999999999999998,-73.85000000000001,33.96,-15.860000000000001
399234.6028322815,6412032.7023395505,126.02240350277111,14.989999999999998,-61.65,11.8,-15.870000000000001
399191.8838165042,6412049.757139197,126.01240350277112,14.979999999999999,-105.14,26.78,-15.88
399199.2201985495,6412011.880360054,126.01240350277112,14.979999999999999,-95.99000000000001,-10.700000000000001,-15.88
399246.0921910882,6412019.524371792,126.01240350277112,14.979999999999999,-49.54,-0.81,-15.88
399230.7393014292,6412026.901483633,126.00240350277112,14.969999999999999,-65.23,5.82,-15.89
399239.02319556096,6412038.2160758935,126.00240350277112,14.969999999999999,-57.5,17.52,-15.89
399278.5212387443,6412045.123968824,126.00240350277112,14.969999999999999,-18.38,26.32,-15.89
399204.35096891265,6412087.23077674,125.98240350277112,14.95,-94.49,64.81,-15.91
399222.56922896777,6412020.236799398,125.98240350277112,14.95,-73.07000000000001,-1.23,-15.91
399231.0586254638,6412036.85764917,125.98240350277112,14.95,-65.39,15.780000000000001,-15.91
399258.84371604724,6412056.874185861,125.98240350277112,14.95,-38.6,37.11,-15.91
399171.70513055084,6412031.977276059,125.98240350277112,14.95,-124.44,8.05,-15.91
399190.64845052396,6412000.409434379,125.97240350277112,14.94,-104.0,-22.57,-15.92
399219.0345135211,6412044.544984987,125.97240350277112,14.94,-77.77,22.88,-15.92
399239.30941469077,6412048.524241521,125.97240350277112,14.94,-57.71,27.830000000000002,-15.92
399255.3701987365,6412071.227902368,125.97240350277112,14.94,-42.76,51.28,-15.92
399207.6201147117,6412042.441654339,125.96240350277111,14.93,-89.07000000000001,20.23,-15.93
399219.142033067,6412034.9286790695,125.96240350277111,14.93,-77.2,13.280000000000001,-15.93
399236.04136351566,6412057.581942197,125.96240350277111,14.93,-61.410000000000004,36.72,-15.93
399234.52274931717,6412022.724640081,125.96240350277111,14.93,-61.25,1.83,-15.93
399251.0347088113,6412045.026130918,125.95240350277112,14.92,-45.83,24.900000000000002,-15.94
399215.74615456874,6412064.406170637,125.94240350277111,14.909999999999998,-82.01,42.56,-15.950000000000001
399203.9892858741,6412077.226593349,125.93240350277111,14.899999999999999,-94.37,54.800000000000004,-15.96
399270.87310630333,6412053.661777099,125.93240350277111,14.899999999999999,-26.43,34.480000000000004,-15.96
399231.3905188224,6412056.844823727,125.92240350277112,14.889999999999999,-66.02,35.76,-15.97
399187.2654628142,6412009.783029961,125.90240350277112,14.87,-107.83,-13.370000000000001,-15.99
399222.69620545843,6412015.8055606345,125.89240350277112,14.86,-72.73,-5.65,-16.0
399235.43208574847,6412037.4479415845,125.88240350277111,14.849999999999998,-61.050000000000004,16.580000000000002,-16.01
399266.5611336426,6412053.3088015,125.88240350277111,14.849999999999998,-30.72,33.92,-16.01
399270.97974825645,6412068.764132128,125.88240350277111,14.849999999999998,-27.05,49.57,-16.01
399192.222344224,6412065.308859329,125.87240350277112,14.84,-105.55,42.33,-16.02
399199.68862406275,6412041.562190818,125.87240350277112,14.84,-96.95,18.97,-16.02
399224.13493512763,6412065.634039006,125.86240350277112,14.829999999999998,-73.69,44.19,-16.03
399260.4319048884,6412106.895697797,125.85240350277112,14.82,-39.42,87.15,-16.04
399149.2421086068,6412092.738236758,125.85240350277112,14.82,-149.8,67.66,-16.04
399210.8376193428,6412013.833750466,125.84240350277112,14.809999999999999,-84.48,-8.19,-16.05
399234.94282864657,6412047.453061648,125.84240350277112,14.809999999999999,-62.02,26.55,-16.05
399133.03051325335,6412055.054487262,125.84240350277112,14.809999999999999,-164.18,29.240000000000002,-16.05
399188.45675735356,6412079.626584548,125.83240350277111,14.8,-110.0,56.45,-16.06
399247.8240891931,6412084.586383972,125.83240350277111,14.8,-50.94,64.26,-16.06
399117.6405040673,6412072.054526005,125.83240350277111,14.8,-180.37,45.480000000000004,-16.06
399184.68244966347,6412083.993208124,125.82240350277112,14.79,-113.98,60.63,-16.07
399271.46807294124,6412108.83703618,125.82240350277112,14.79,-28.490000000000002,89.62,-16.07
399204.5059890258,6412066.959850055,125.80240350277111,14.77,-93.36,44.57,-16.09
399274.8354841865,6412054.031589903,125.80240350277111,14.77,-22.490000000000002,35.04,-16.09
399151.5160916217,6411998.599852446,125.79240350277112,14.759999999999998,-143.0,-26.26,-16.1
399195.4326877339,6412011.191765958,125.78240350277112,14.75,-99.74000000000001,-11.57,-16.11
399226.8645145523,6412031.052691489,125.78240350277112,14.75,-69.3,9.78,-16.11
399254.95558929496,6412040.792610371,125.78240350277112,14.75,-41.71,20.86,-16.11
399258.7408086968,6412041.641500279,125.78240350277112,14.75,-37.97,21.89,-16.11
399279.0694711138,6412070.226658743,125.78240350277112,14.75,-19.04,51.42,-16.11
399211.88924469735,6412058.534914702,125.77240350277111,14.739999999999998,-85.58,36.51,-16.12
399251.4966406255,6412070.623545223,125.77240350277111,14.739999999999998,-46.6,50.49,-16.12
399216.07087081816,6412079.047501155,125.76240350277112,14.73,-82.39,57.2,-16.13
399218.8577904059,6412015.099395014,125.76240350277112,14.73,-76.53,-6.54,-16.13
399247.0351497159,6412044.50793497,125.75240350277112,14.719999999999999,-49.800000000000004,24.19,-16.14
399227.4759309948,6412056.012176059,125.73240350277112,14.7,-69.89,34.74,-16.16
399109.7036828884,6412076.261207547,125.73240350277112,14.7,-188.5,49.300000000000004,-16.16
399117.822876569,6412082.077356957,125.73240350277112,14.7,-180.67000000000002,55.5,-16.16
399271.3677853291,6412098.439822977,125.72240350277112,14.689999999999998,-28.09,79.23,-16.17
399101.74429058284,6412074.802415534,125.71240350277111,14.68,-196.38,47.46,-16.18
399192.252348327,6412060.1113984315,125.70240350277112,14.669999999999998,-105.27,37.14,-16.19
399200.10743578966,6412076.242195092,125.70240350277112,14.669999999999998,-98.2,53.63,-16.19
399207.8491369483,6412057.798416653,125.69240350277111,14.66,-89.58,35.58,-16.2
399215.07027959044,6412014.410800922,125.69240350277111,14.66,-80.28,-7.41,-16.2
399232.008784049,6412082.154384134,125.69240350277111,14.66,-66.62,61.07,-16.2
399191.7014345342,6412020.401926088,125.68240350277111,14.649999999999999,-103.91,-2.5500000000000003,-16.21
399191.2582870272,6412010.161388001,125.68240350277111,14.649999999999999,-103.86,-12.8,-16.21
399242.73202776466,6412034.15295349,125.68240350277111,14.649999999999999,-53.6,13.64,-16.21
399226.25055343664,6412006.663990175,125.67240350277112,14.64,-68.74,-14.61,-16.22
399278.3649213198,6412025.24847726,125.67240350277112,14.64,-17.580000000000002,6.46,-16.22
399208.38087642426,6412067.383934538,125.66240350277111,14.629999999999999,-89.51,45.18,-16.23
399229.97983016766,6412006.974948477,125.66240350277111,14.629999999999999,-65.03,-14.120000000000001,-16.23
399238.37178659317,6412018.454533284,125.66240350277111,14.629999999999999,-57.2,-2.25,-16.23
399275.2249161433,6412069.6008815635,125.66240350277111,14.629999999999999,-22.85,50.61,-16.23
399114.18028093496,6412076.706370358,125.66240350277111,14.629999999999999,-184.05,49.96,-16.23
399227.5994718393,6412081.2354359105,125.65240350277111,14.619999999999997,-70.98,59.94,-16.240000000000002
399256.1963582625,6412106.25871681,125.65240350277111,14.619999999999997,-43.62,86.31,-16.240000000000002
399273.96952110186,6412029.815210986,125.65240350277111,14.619999999999997,-22.19,10.81,-16.240000000000002
399175.8497053492,6412032.388371842,125.62240350277112,14.59,-120.32000000000001,8.66,-16.27
399183.36344431073,6412018.981391316,125.61240350277112,14.579999999999998,-112.17,-4.37,-16.28
399267.33240367693,6412073.064571354,125.61240350277112,14.579999999999998,-30.900000000000002,53.69,-16.28
399200.3495403897,6412061.3132639425,125.60240350277112,14.57,-97.24000000000001,38.730000000000004,-16.29
399274.42067370197,6412014.445713229,125.60240350277112,14.57,-21.0,-4.5200000000000005,-16.29
399207.2193784252,6412022.688061994,125.59240350277112,14.559999999999999,-88.52,0.48,-16.3
399242.9441377296,6412043.753865389,125.58240350277111,14.55,-53.85,23.240000000000002,-16.31
399263.31660233974,6412072.41700698,125.58240350277111,14.55,-34.88,52.85,-16.31
399266.12159736815,6412023.395312771,125.58240350277111,14.55,-29.72,4.0200000000000005,-16.31
399187.5166782438,6412019.5722787,125.57240350277112,14.54,-108.05,-3.58,-16.32
399238.4090683268,6412023.178208765,125.57240350277112,14.54,-57.39,2.47,-16.32
399136.83511453494,6412055.682188694,125.57240350277112,14.54,-160.41,30.05,-16.32
399155.663806058,6411998.660391324,125.57240350277112,14.54,-138.86,-26.0,-16.32
399210.83396241325,6412003.572045607,125.56240350277112,14.529999999999998,-83.99,-18.44,-16.330000000000002
399218.37636020244,6412005.311222306,125.56240350277112,14.529999999999998,-76.54,-16.34,-16.330000000000002
399235.56065164687,6412067.55661593,125.56240350277112,14.529999999999998,-62.370000000000005,46.660000000000004,-16.330000000000002
399254.96675426647,6412045.597636421,125.56240350277112,14.529999999999998,-41.93,25.66,-16.330000000000002
399262.46569417533,6412032.091252735,125.56240350277112,14.529999999999998,-33.79,12.530000000000001,-16.330000000000002
399223.9542042502,6412080.590049047,125.55240350277111,14.52,-74.59,59.120000000000005,-16.34
399226.9920954761,6412046.174061239,125.55240350277111,14.52,-69.9,24.89,-16.34
399248.0274368939,6412105.230502982,125.55240350277111,14.52,-51.730000000000004,84.89,-16.34
399145.74448983907,6412092.456167698,125.55240350277111,14.52,-153.28,67.21000000000001,-16.34
399195.7297663589,6412036.27651719,125.54240350277112,14.509999999999998,-100.65,13.5,-16.35
399242.5224784608,6412003.817912874,125.54240350277112,14.509999999999998,-52.35,-16.67,-16.35
399188.35267345374,6412059.588391851,125.53240350277112,14.5,-109.14,36.43,-16.36
399219.1361986255,6412025.037507957,125.53240350277112,14.5,-76.73,3.4,-16.36
399113.86213344964,6412071.555711936,125.53240350277112,14.5,-184.12,44.800000000000004,-16.36
399183.952982505,6412058.869212072,125.52240350277111,14.489999999999998,-113.5,35.5,-16.37
399219.0918403041,6412019.543280773,125.52240350277111,14.489999999999998,-76.51,-2.09,-16.37
399191.32626574236,6412030.281412327,125.51240350277112,14.48,-104.76,7.3,-16.38
399200.45662456943,6412081.621625102,125.51240350277112,14.48,-98.11,59.02,-16.38
399214.05538670195,6412004.14774132,125.51240350277112,14.48,-80.8,-17.71,-16.38
399153.62574628077,6412098.944541678,125.51240350277112,14.48,-145.72,74.07000000000001,-16.38
399192.2929358172,6412055.133682826,125.50240350277112,14.469999999999999,-104.99000000000001,32.17,-16.39
399195.79508910724,6412040.958795794,125.50240350277112,14.469999999999999,-100.81,18.18,-16.39
399230.48583342275,6412012.076513012,125.49240350277111,14.46,-64.77,-9.0,-16.4
399196.1458672944,6412080.878138909,125.48240350277112,14.45,-102.38,58.07,-16.41
399202.13157835946,6412002.0689448835,125.48240350277112,14.45,-92.61,-20.36,-16.41
399202.86883357994,6412012.595665872,125.48240350277112,14.45,-92.38,-9.81,-16.41
399212.5215612737,6412088.709431694,125.48240350277112,14.45,-86.4,66.68,-16.41
399215.13237164763,6412034.200726251,125.48240350277112,14.45,-81.17,12.36,-16.41
399246.82018274075,6412010.3186926665,125.48240350277112,14.45,-48.370000000000005,-9.97,-16.41
399267.2274944012,6412068.183967494,125.48240350277112,14.45,-30.77,48.81,-16.41
399220.1006229836,6412079.984729775,125.47240350277112,14.439999999999998,-78.41,58.33,-16.42
399226.7895088582,6412016.399334394,125.47240350277112,14.439999999999998,-68.67,-4.86,-16.42
399208.333437542,6412087.809865351,125.46240350277111,14.43,-90.54,65.58,-16.43
399226.3880865539,6412011.182605522,125.46240350277111,14.43,-68.82000000000001,-10.09,-16.43
399250.53152078105,6412010.88080471,125.46240350277111,14.43,-44.69,-9.23,-16.43
399212.80620307225,6412068.011775327,125.45240350277112,14.419999999999998,-85.12,46.02,-16.44
399223.51133937103,6412045.410623659,125.45240350277112,14.419999999999998,-73.34,23.96,-16.44
399247.51838766196,6412069.924114483,125.45240350277112,14.419999999999998,-50.54,49.6,-16.44
399279.30390841386,6412105.235913793,125.44240350277111,14.41,-20.490000000000002,86.4,-16.45
399187.2639807886,6412014.949082402,125.41240350277111,14.379999999999999,-108.08,-8.21,-16.48
399187.6296810577,6411999.88404794,125.41240350277111,14.379999999999999,-106.99000000000001,-23.240000000000002,-16.48
399192.7721725208,6412085.455734738,125.41240350277111,14.379999999999999,-105.97,62.480000000000004,-16.48
399196.08414239873,6412060.887964074,125.41240350277111,14.379999999999999,-101.48,38.1,-16.48
399250.8194458281,6412040.140830329,125.40240350277111,14.369999999999997,-45.81,20.01,-16.490000000000002
399145.62750177056,6412096.886925398,125.40240350277111,14.369999999999997,-153.61,71.63,-16.490000000000002
399195.5171619507,6412031.030671275,125.39240350277112,14.36,-100.61,8.25,-16.5
399195.4738179721,6412015.995348822,125.39240350277112,14.36,-99.93,-6.7700000000000005,-16.5
399204.2298173953,6412082.220804457,125.39240350277112,14.36,-94.37,59.800000000000004,-16.5
399215.2306370939,6412024.184402379,125.39240350277112,14.36,-80.59,2.36,-16.5
399184.0511474298,6412044.277595861,125.38240350277111,14.349999999999998,-112.7,20.93,-16.51
399226.83451044915,6412036.250152385,125.38240350277111,14.349999999999998,-69.58,14.97,-16.51
399176.8536933862,6412072.566591164,125.38240350277111,14.349999999999998,-121.25,48.84,-16.51
399204.02936945274,6412057.2715615695,125.37240350277112,14.34,-93.37,34.87,-16.52
399226.7125495437,6412026.234423477,125.37240350277112,14.34,-69.22,4.96,-16.52
399275.6817184706,6412109.435025605,125.37240350277112,14.34,-24.310000000000002,90.42,-16.52
399274.3122148785,6412039.009370055,125.37240350277112,14.34,-22.29,20.01,-16.52
399157.8954738391,6412099.459737349,125.37240350277112,14.34,-141.48,74.79,-16.52
399228.8916097784,6412092.266046934,125.36240350277112,14.329999999999998,-70.22,71.02,-16.53
399251.5421232795,6412090.484351633,125.35240350277112,14.32,-47.51,70.33,-16.54
399258.98243484163,6412010.90428966,125.35240350277112,14.32,-36.25,-8.8,-16.54
399266.4078031178,6412038.068532808,125.35240350277112,14.32,-30.14,18.69,-16.54
399275.9685511611,6412084.001781082,125.35240350277112,14.32,-22.8,65.03,-16.54
399104.2543844983,6412000.325436352,125.35240350277112,14.32,-190.29,-26.810000000000002,-16.54
399108.3212039743,6412001.200810185,125.35240350277112,14.32,-186.27,-25.740000000000002,-16.54
399134.0929631784,6412096.030818238,125.35240350277112,14.32,-165.09,70.22,-16.54
399262.1279275388,6412007.4089247715,125.34240350277112,14.309999999999999,-32.94,-12.14,-16.55
399183.54435077484,6412014.00692925,125.33240350277111,14.3,-111.75,-9.33,-16.56
399199.0370783448,6412006.623082525,125.33240350277111,14.3,-95.92,-15.96,-16.56
399211.22507743863,6412023.125869504,125.31240350277112,14.279999999999998,-84.54,1.11,-16.580000000000002
399199.66535745,6412031.1011985745,125.29240350277112,14.259999999999998,-96.47,8.52,-16.6
399168.89659249445,6412070.947503335,125.29240350277112,14.259999999999998,-129.12,46.84,-16.6
399240.319276006,6412093.39761425,125.28240350277112,14.25,-58.86,72.7,-16.61
399228.05433358566,6412066.566570895,125.27240350277111,14.239999999999998,-69.82000000000001,45.31,-16.62
399244.1981098224,6412114.275189497,125.27240350277111,14.239999999999998,-55.99,93.74,-16.62
399235.9027223943,6412093.159802989,125.26240350277112,14.23,-63.26,72.25,-16.63
399250.23100651015,6412015.4505520975,125.26240350277112,14.23,-45.21,-4.68,-16.63
399118.1045154798,6412076.907823176,125.26240350277112,14.23,-180.14000000000001,50.35,-16.63
399129.438301957,6412054.887101478,125.26240350277112,14.23,-167.76,28.900000000000002,-16.63
399130.1232809043,6412094.469977872,125.25240350277112,14.219999999999999,-168.98,68.47,-16.64
399184.5857572959,6412074.086389735,125.22240350277112,14.189999999999998,-113.60000000000001,50.730000000000004,-16.67
399211.374016711,6412028.5049323505,125.22240350277112,14.189999999999998,-84.65,6.49,-16.67
399231.738478836,6412066.979818736,125.22240350277112,14.189999999999998,-66.16,45.9,-16.67
399176.72282008635,6412062.781558095,125.22240350277112,14.189999999999998,-120.91,39.06,-16.67
399176.3280347511,6412037.331083747,125.21240350277111,14.18,-120.08,13.620000000000001,-16.68
399195.1676996709,6411995.296109908,125.20240350277112,14.169999999999998,-99.24000000000001,-27.46,-16.69
399271.8744197775,6412114.363887204,125.20240350277112,14.169999999999998,-28.35,95.16,-16.69
399188.4426283308,6412085.153663375,125.19240350277111,14.16,-110.28,61.97,-16.7
399247.37934315065,6412095.0999514405,125.19240350277111,14.16,-51.89,74.74,-16.7
399278.3357654411,6412030.2556770705,125.19240350277111,14.16,-17.85,11.46,-16.7
399171.27477331075,6411997.05754965,125.19240350277111,14.16,-123.19,-26.85,-16.7
399185.0824153985,6412093.545026142,125.18240350277111,14.149999999999999,-114.04,70.19,-16.71
399223.95614449045,6412060.46665728,125.18240350277111,14.149999999999999,-73.62,39.02,-16.71
399175.42789334216,6411997.4381991,125.18240350277111,14.149999999999999,-119.06,-26.27,-16.71
399274.6071548281,6412059.268637327,125.17240350277112,14.14,-22.97,40.26,-16.72
399203.59811177163,6412032.10316836,125.16240350277111,14.129999999999999,-92.59,9.71,-16.73
399113.23545027175,6412042.121781376,125.16240350277111,14.129999999999999,-183.33,15.370000000000001,-16.73
399219.91759383224,6412059.970362428,125.15240350277111,14.119999999999997,-77.63,38.33,-16.740000000000002
399255.8569434819,6412096.093275472,125.14240350277112,14.11,-43.47,76.14,-16.75
399137.8537877232,6412095.749573248,125.14240350277112,14.11,-161.32,70.12,-16.75
399260.3337533438,6412117.1222596,125.13240350277111,14.099999999999998,-40.01,97.36,-16.76
399259.6098311384,6412091.697648753,125.13240350277111,14.099999999999998,-39.51,71.93,-16.76
399222.38868019666,6412005.678629794,125.12240350277112,14.09,-72.55,-15.780000000000001,-16.77
399109.0722145363,6412045.896429468,125.12240350277112,14.09,-187.67000000000002,18.94,-16.77
399112.5305199363,6412001.708903809,125.12240350277112,14.09,-182.09,-25.03,-16.77
399163.9335940153,6412030.469390161,125.12240350277112,14.09,-132.13,6.17,-16.77
399193.34782809153,6412095.329473679,125.11240350277112,14.079999999999998,-105.87,72.37,-16.78
399156.5547041398,6412049.586494656,125.11240350277112,14.079999999999998,-140.42000000000002,24.91,-16.78
399192.53537560237,6412080.331193079,125.09240350277112,14.059999999999999,-105.96000000000001,57.35,-16.8
399172.0926637118,6412046.675650733,125.09240350277112,14.059999999999999,-124.76,22.75,-16.8
399215.0517325551,6412018.806782723,125.08240350277111,14.05,-80.51,-3.02,-16.81
399254.8844937902,6412035.990470698,125.08240350277111,14.05,-41.550000000000004,16.06,-16.81
399141.7174713138,6412096.564649392,125.08240350277111,14.05,-157.5,71.12,-16.81
399208.00641649886,6412077.693885061,125.07240350277112,14.04,-90.38,55.46,-16.82
399164.51283145056,6412045.198578327,125.07240350277112,14.04,-132.26,20.91,-16.82
399222.72223116754,6412030.481299888,125.06240350277112,14.029999999999998,-73.41,9.01,-16.830000000000002
399252.3592724975,6412105.372278526,125.06240350277112,14.029999999999998,-47.410000000000004,85.24,-16.830000000000002
399201.1639011429,6412096.5148436865,125.05240350277111,14.02,-98.12,73.93,-16.84
399195.69890065124,6412046.029293578,125.03240350277112,14.0,-101.15,23.240000000000002,-16.86
399251.560732,6412095.859679877,125.03240350277112,14.0,-47.75,75.7,-16.86
399275.49076189916,6412104.63865869,125.03240350277112,14.0,-24.27,85.62,-16.86
399259.01119158283,6412046.424030269,125.02240350277111,13.989999999999998,-37.93,26.68,-16.87
399270.30278126255,6412038.701893098,125.02240350277111,13.989999999999998,-26.28,19.51,-16.87
399109.2961888709,6412041.400449541,125.02240350277111,13.989999999999998,-187.23,14.46,-16.87
399117.1856488406,6412047.227663402,125.02240350277111,13.989999999999998,-179.63,20.66,-16.87
399167.9563058218,6412041.238340423,125.02240350277111,13.989999999999998,-128.63,17.12,-16.87
399190.9160609333,6412005.342271764,125.01240350277112,13.98,-103.97,-17.63,-16.88
399144.77107802115,6412032.33338608,125.01240350277112,13.98,-151.36,7.11,-16.88
399191.016871053,6411994.755164637,125.00240350277112,13.969999999999999,-103.36,-28.2,-16.89
399252.10414687847,6412085.731812365,124.99240350277111,13.96,-46.72,65.61,-16.9
399175.7524020289,6412042.424672559,124.98240350277112,13.95,-120.9,18.68,-16.91
399195.63488434197,6412026.199414561,124.96240350277111,13.93,-100.26,3.43,-16.93
399223.03687185346,6412036.182764721,124.96240350277111,13.93,-73.37,14.72,-16.93
399232.1989674611,6412092.547267771,124.96240350277111,13.93,-66.93,71.46000000000001,-16.93
399132.20356032765,6411994.854570746,124.96240350277111,13.93,-162.11,-30.93,-16.93
399275.5381071203,6412114.768108746,124.93240350277111,13.899999999999999,-24.71,95.74000000000001,-16.96
399176.81924581405,6412077.46391833,124.93240350277111,13.899999999999999,-121.52,53.730000000000004,-16.96
399104.83502628613,6412020.280607488,124.91240350277111,13.879999999999999,-190.67000000000002,-6.8500000000000005,-16.98
399267.69665162935,6412113.26359029,124.90240350277111,13.869999999999997,-32.47,93.86,-16.990000000000002
399183.37939706416,6412008.918973838,124.89240350277112,13.86,-111.67,-14.42,-17.0
399243.5584405504,6412068.773280494,124.89240350277112,13.86,-54.44,48.26,-17.0
399203.8030191711,6412037.189199518,124.88240350277111,13.849999999999998,-92.63,14.8,-17.01
399207.33439002495,6412027.778422723,124.88240350277111,13.849999999999998,-88.65,5.57,-17.01
399220.1475259784,6412084.9081737045,124.88240350277111,13.849999999999998,-78.60000000000001,63.25,-17.01
399113.286568932,6412046.924883173,124.88240350277111,13.849999999999998,-183.51,20.17,-17.01
399264.0260766658,6412117.705310615,124.87240350277112,13.84,-36.35,98.12,-17.02
399267.6032128014,6412103.216452927,124.87240350277112,13.84,-32.08,83.82000000000001,-17.02
399275.0054991794,6412074.607233147,124.86240350277112,13.829999999999998,-23.31,55.6,-17.03
399199.5546887979,6412021.735679238,124.85240350277112,13.82,-96.13,-0.84,-17.04
399263.73600903153,6412107.317237608,124.85240350277112,13.82,-36.14,87.73,-17.04
399274.43474790023,6412034.277997563,124.85240350277112,13.82,-21.94,15.290000000000001,-17.04
399184.5229015479,6412079.225363286,124.83240350277111,13.8,-113.91,55.86,-17.06
399140.52613793785,6412031.917112508,124.83240350277111,13.8,-155.58,6.49,-17.06
399155.3265044963,6411994.151397239,124.83240350277111,13.8,-138.98,-30.52,-17.06
399199.6342678507,6412016.736062534,124.81240350277112,13.779999999999998,-95.81,-5.83,-17.080000000000002
399218.9083663182,6412010.121198345,124.81240350277112,13.779999999999998,-76.24,-11.51,-17.080000000000002
399175.831805495,6412027.443507881,124.81240350277112,13.779999999999998,-120.10000000000001,3.72,-17.080000000000002
399195.2238179285,6412005.815589495,124.80240350277111,13.77,-99.69,-16.95,-17.09
399219.18172011594,6412039.702296662,124.80240350277111,13.77,-77.39,18.05,-17.09
399152.59679518203,6412048.685852285,124.80240350277111,13.77,-144.33,23.82,-17.09
399188.97629205894,6412094.779134951,124.79240350277112,13.759999999999998,-110.21000000000001,71.61,-17.1
399270.97980994155,6412078.535442174,124.79240350277112,13.759999999999998,-27.52,59.33,-17.1
399168.6871639528,6412075.953373859,124.78240350277112,13.75,-129.57,51.83,-17.11
399216.6319551398,6412089.242312797,124.77240350277111,13.739999999999998,-82.32000000000001,67.41,-17.12
399216.3284699569,6412069.013491852,124.77240350277111,13.739999999999998,-81.65,47.19,-17.12
399223.98292476276,6412105.507516317,124.77240350277111,13.739999999999998,-75.76,84.01,-17.12
399279.3811049999,6412115.153682729,124.77240350277111,13.739999999999998,-20.89,96.31,-17.12
399149.5817900273,6412098.12813625,124.77240350277111,13.739999999999998,-149.72,73.06,-17.12
399220.4585874077,6412069.955898265,124.76240350277112,13.73,-77.57000000000001,48.33,-17.13
399110.0417709894,6412070.808630502,124.76240350277112,13.73,-187.9,43.87,-17.13
399116.1093525209,6411986.839523954,124.76240350277112,13.73,-177.8,-39.71,-17.13
399133.6330173014,6412080.244667669,124.76240350277112,13.73,-164.79,54.43,-17.13
399256.48486880603,6412116.406586619,124.75240350277112,13.719999999999999,-43.82,96.46000000000001,-17.14
399275.5717681532,6412119.832352712,124.75240350277112,13.719999999999999,-24.92,100.8,-17.14
399100.2253411991,6411999.818672012,124.74240350277111,13.709999999999997,-194.29,-27.51,-17.150000000000002
399133.5686204506,6412064.980092566,124.74240350277111,13.709999999999997,-164.12,39.18,-17.150000000000002
399131.9448463246,6412009.854382981,124.72240350277112,13.689999999999998,-163.09,-15.96,-17.17
399278.86533687345,6412059.544110864,124.70240350277112,13.669999999999998,-18.73,40.74,-17.19
399116.81508538383,6411997.127484934,124.69240350277111,13.66,-177.59,-29.400000000000002,-17.2
399121.8874206196,6412062.9496811535,124.69240350277111,13.66,-175.69,36.59,-17.2
399239.81095848884,6412073.489017785,124.68240350277111,13.649999999999999,-58.410000000000004,52.79,-17.21
399238.80541336094,6412033.070595264,124.68240350277111,13.649999999999999,-57.47,12.370000000000001,-17.21
399188.9434015775,6412099.916665312,124.67240350277112,13.64,-110.49000000000001,76.74,-17.22
399212.4978886632,6412083.644706668,124.67240350277112,13.64,-86.18,61.620000000000005,-17.22
399176.2753818485,6412047.255106503,124.67240350277112,13.64,-120.61,23.53,-17.22
399271.5220162948,6412103.928758467,124.66240350277111,13.629999999999999,-28.2,84.72,-17.23
399270.683173543,6412058.656697073,124.66240350277111,13.629999999999999,-26.86,39.46,-17.23
399149.0299395647,6412057.567723764,124.66240350277111,13.629999999999999,-148.32,32.52,-17.23
399248.26781567675,6412115.210493867,124.65240350277111,13.619999999999997,-51.97,94.87,-17.240000000000002
399110.3259131289,6412086.062622214,124.65240350277111,13.619999999999997,-188.35,59.120000000000005,-17.240000000000002
399108.69689952617,6412021.265967868,124.65240350277111,13.619999999999997,-186.86,-5.68,-17.240000000000002
399244.13856243866,6412093.914480913,124.64240350277112,13.61,-55.07,73.4,-17.25
399141.45786338934,6412081.820067206,124.64240350277112,13.61,-157.05,56.38,-17.25
399185.0191670327,6412099.715212495,124.63240350277111,13.599999999999998,-114.4,76.35000000000001,-17.26
399208.17569977685,6412082.871736272,124.63240350277111,13.599999999999998,-90.46000000000001,60.64,-17.26
399197.00400739245,6412101.19037403,124.59240350277112,13.559999999999999,-102.5,78.4,-17.3
399129.57004632964,6412079.449201211,124.59240350277112,13.559999999999999,-168.81,53.44,-17.3
399274.02069458686,6412009.258949622,124.58240350277111,13.55,-21.150000000000002,-9.72,-17.31
399118.2821657964,6412087.8719711285,124.58240350277111,13.55,-180.49,61.31,-17.31
399143.84352287924,6412027.001834576,124.58240350277111,13.55,-152.03,1.74,-17.31
399172.2732646997,6412051.672748219,124.58240350277111,13.55,-124.82000000000001,27.75,-17.31
399203.032925686,6412022.238936777,124.57240350277112,13.54,-92.68,-0.17,-17.32
399223.74427179707,6412070.618603397,124.57240350277112,13.54,-74.32000000000001,49.15,-17.32
399278.5531670996,6412039.966461617,124.57240350277112,13.54,-18.1,21.17,-17.32
399132.3360135667,6412019.8471347615,124.56240350277112,13.529999999999998,-163.18,-5.96,-17.330000000000002
399113.64109771,6412066.55055028,124.55240350277111,13.52,-184.1,39.79,-17.34
399121.86691049545,6412072.501726973,124.55240350277111,13.52,-176.17000000000002,46.13,-17.34
399128.7149975648,6412044.650044735,124.55240350277111,13.52,-167.99,18.64,-17.34
399148.0308532111,6412002.732298842,124.55240350277111,13.52,-146.68,-22.3,-17.34
399184.21849307563,6412053.780547795,124.54240350277112,13.509999999999998,-112.99000000000001,30.43,-17.35
399117.1422271889,6412042.584376358,124.54240350277112,13.509999999999998,-179.45000000000002,16.02,-17.35
399129.35434111994,6412069.357894493,124.54240350277112,13.509999999999998,-168.54,43.35,-17.35
399236.24489627156,6412107.539991342,124.53240350277112,13.5,-63.61,86.63,-17.36
399144.8505888694,6412057.05818695,124.53240350277112,13.5,-152.47,31.810000000000002,-17.36
399105.6311588604,6412045.541555072,124.52240350277111,13.489999999999998,-191.09,18.42,-17.37
399135.68212554045,6412000.3535964815,124.52240350277111,13.489999999999998,-158.9,-25.27,-17.37
399172.86972935125,6412081.5186094055,124.52240350277111,13.489999999999998,-125.66,57.59,-17.37
399177.36766975827,6412092.384810768,124.52240350277111,13.489999999999998,-121.69,68.66,-17.37
399263.27676516044,6412056.830878113,124.51240350277112,13.48,-34.17,37.28,-17.38
399270.74015601305,6412048.822570116,124.51240350277112,13.48,-26.330000000000002,29.64,-17.38
399173.4167234865,6412092.044482168,124.51240350277112,13.48,-125.62,68.13,-17.38
399222.9098725143,6412025.646675734,124.50240350277112,13.469999999999999,-72.99,4.19,-17.39
399278.18414474546,6412010.269831801,124.50240350277112,13.469999999999999,-17.04,-8.51,-17.39
399128.5595283647,6412024.584292086,124.50240350277112,13.469999999999999,-167.18,-1.41,-17.39
399248.2164692131,6412109.986916208,124.49240350277111,13.459999999999997,-51.77,89.65,-17.400000000000002
399262.43569007225,6412037.28871363,124.49240350277111,13.459999999999997,-34.07,17.72,-17.400000000000002
399231.9072810511,6412072.147681525,124.48240350277112,13.45,-66.24,51.07,-17.41
399126.0538028534,6412093.9551493665,124.48240350277112,13.45,-173.02,67.76,-17.41
399125.6360015573,6412073.431486388,124.48240350277112,13.45,-172.45000000000002,47.24,-17.41
399173.5230371149,6412102.151069002,124.48240350277112,13.45,-126.0,78.23,-17.41
399172.4754156107,6412036.745741319,124.48240350277112,13.45,-123.9,12.85,-17.41
399199.7216806625,6412027.073826269,124.47240350277112,13.439999999999998,-96.22,4.5,-17.42
399235.8425800458,6412072.578868052,124.46240350277111,13.43,-62.33,51.69,-17.43
399105.7819179516,6412070.082715837,124.46240350277111,13.43,-192.12,42.94,-17.43
399255.611234169,6412091.199429647,124.44240350277111,13.41,-43.480000000000004,71.24,-17.45
399116.5076808841,6412022.341465231,124.44240350277111,13.41,-179.11,-4.23,-17.45
399125.9105746526,6412078.924637543,124.44240350277111,13.41,-172.44,52.74,-17.45
399128.0747173398,6412019.091254833,124.42240350277112,13.39,-167.4,-6.92,-17.47
399136.1838220768,6412020.332592967,124.42240350277112,13.39,-159.36,-5.29,-17.47
399168.7616722552,6412036.133687166,124.42240350277112,13.39,-127.58,12.06,-17.47
399101.43895621324,6412059.939896541,124.41240350277111,13.379999999999999,-195.97,32.6,-17.48
399140.1783332702,6412000.998046675,124.41240350277111,13.379999999999999,-154.44,-24.41,-17.48
399160.69758509716,6412034.579821561,124.41240350277111,13.379999999999999,-135.56,10.120000000000001,-17.48
399278.55971040745,6412050.288097009,124.40240350277111,13.369999999999997,-18.59,31.48,-17.490000000000002
399163.5479328899,6412025.372041295,124.40240350277111,13.369999999999997,-132.27,1.06,-17.490000000000002
399206.87907658383,6412017.90889945,124.39240350277112,13.36,-88.63,-4.3100000000000005,-17.5
399216.3548373711,6412084.319944898,124.39240350277112,13.36,-82.36,62.480000000000004,-17.5
399232.18396345363,6412106.994716504,124.39240350277112,13.36,-67.64,85.89,-17.5
399136.0379969861,6412015.433936515,124.38240350277111,13.349999999999998,-159.27,-10.19,-17.51
399136.01164295216,6411995.762429062,124.38240350277111,13.349999999999998,-158.35,-29.84,-17.51
399139.842406693,6412026.243435429,124.38240350277111,13.349999999999998,-155.99,0.79,-17.51
399144.2285433432,6412001.944301593,124.38240350277111,13.349999999999998,-150.44,-23.27,-17.51
399215.0596211384,6412008.784799997,124.37240350277112,13.34,-80.02,-13.030000000000001,-17.52
399117.3047233678,6412057.183461775,124.37240350277112,13.34,-179.99,30.61,-17.52
399113.7164610972,6412061.671275707,124.36240350277112,13.329999999999998,-183.79,34.92,-17.53
399112.47153554106,6412021.895112489,124.36240350277112,13.329999999999998,-183.12,-4.87,-17.53
399127.6550051718,6411994.162583757,124.36240350277112,13.329999999999998,-166.62,-31.84,-17.53
399151.7181971765,6412028.364590868,124.36240350277112,13.329999999999998,-144.23,3.48,-17.53
399117.8010665257,6412067.281275574,124.35240350277112,13.32,-179.98,40.72,-17.54
399153.51839546114,6412083.411722366,124.35240350277112,13.32,-145.08,58.550000000000004,-17.54
399259.9707047891,6412096.696075527,124.34240350277112,13.309999999999999,-39.39,76.94,-17.55
399171.43825446424,6412026.643939662,124.34240350277112,13.309999999999999,-124.45,2.71,-17.55
399228.0505467664,6412076.257973564,124.33240350277111,13.3,-70.29,54.99,-17.56
399259.4675102391,6412102.046476935,124.33240350277111,13.3,-40.15,82.26,-17.56
399168.35605713364,6412046.004628172,124.32240350277112,13.29,-128.46,21.900000000000002,-17.57
399151.20023555006,6411993.288898206,124.31240350277112,13.279999999999998,-143.06,-31.580000000000002,-17.580000000000002
399172.95427177276,6412071.633097149,124.31240350277112,13.279999999999998,-125.10000000000001,47.72,-17.580000000000002
399219.01426056854,6412029.9891067995,124.30240350277111,13.27,-77.09,8.34,-17.59
399155.80632278445,6412029.058729913,124.30240350277111,13.27,-140.18,4.37,-17.59
399169.3011384485,6412095.977020761,124.30240350277111,13.27,-129.92000000000002,71.86,-17.59
399173.2673648362,6412096.426740945,124.30240350277111,13.27,-125.98,72.5,-17.59
399227.9822237383,6412071.305526498,124.29240350277112,13.259999999999998,-70.12,50.04,-17.6
399171.91820264206,6412041.598164808,124.29240350277112,13.259999999999998,-124.69,17.67,-17.6
399215.1901635056,6412029.372355917,124.28240350277112,13.25,-80.88,7.54,-17.61
399167.80907637853,6412031.113700998,124.28240350277112,13.25,-128.29,7.0,-17.61
399279.52819769323,6412110.100756476,124.27240350277111,13.239999999999998,-20.5,91.27,-17.62
399228.5836129219,6412101.461509834,124.26240350277112,13.23,-70.97,80.19,-17.63
399260.2039426915,6412111.932495713,124.26240350277112,13.23,-39.89,92.17,-17.63
399141.2038780911,6412056.382834821,124.25240350277112,13.219999999999999,-156.08,30.96,-17.64
399105.62725813955,6412055.022719811,124.24240350277111,13.209999999999997,-191.55,27.89,-17.650000000000002
399152.17038435995,6412034.219616638,124.24240350277111,13.209999999999997,-144.06,9.35,-17.650000000000002
399135.92169493565,6412005.327830747,124.23240350277112,13.2,-158.9,-20.29,-17.66
399160.25047257607,6412039.847429215,124.23240350277112,13.2,-136.26,15.36,-17.66
399159.9263379112,6412029.791379458,124.23240350277112,13.2,-136.1,5.3,-17.66
399168.8548901401,6412080.891021874,124.23240350277112,13.2,-129.64000000000001,56.77,-17.66
399266.9990831173,6412032.884086073,124.22240350277112,13.189999999999998,-29.3,13.540000000000001,-17.67
399128.06936396146,6412009.210072145,124.22240350277112,13.189999999999998,-166.93,-16.79,-17.67
399168.0252398028,6412026.247668387,124.22240350277112,13.189999999999998,-127.84,2.15,-17.67
399215.18541455996,6412039.043781736,124.21240350277111,13.18,-81.35000000000001,17.2,-17.68
399240.31352609803,6412108.245080937,124.21240350277111,13.18,-59.58,87.53,-17.68
399155.9464635639,6412034.878726524,124.20240350277112,13.169999999999998,-140.32,10.19,-17.69
399203.07803431817,6412007.169319489,124.19240350277111,13.16,-91.91,-15.22,-17.7
399183.099506819,6412004.146913334,124.18240350277111,13.149999999999999,-111.72,-19.2,-17.71
399247.90588198643,6412089.818506863,124.18240350277111,13.149999999999999,-51.11,69.49,-17.71
399266.94730128744,6412057.585175495,124.18240350277111,13.149999999999999,-30.54,38.21,-17.71
399137.47064581455,6412090.91240442,124.18240350277111,13.149999999999999,-161.47,65.27,-17.71
399137.3156442974,6412075.221694602,124.18240350277111,13.149999999999999,-160.87,49.59,-17.71
399175.12891070545,6412003.079112979,124.18240350277111,13.149999999999999,-119.63,-20.650000000000002,-17.71
399228.47672717733,6412106.102024401,124.17240350277112,13.14,-71.3,84.82000000000001,-17.72
399263.56949823006,6412101.989079,124.17240350277112,13.14,-36.050000000000004,82.4,-17.72
399118.25289601594,6412092.668933009,124.17240350277112,13.14,-180.75,66.1,-17.72
399169.08446850494,6412101.664028246,124.17240350277112,13.14,-130.41,77.53,-17.72
399124.3491523632,6412003.682638232,124.16240350277111,13.129999999999999,-170.38,-22.490000000000002,-17.73
399255.8065069277,6412100.450746775,124.15240350277111,13.119999999999997,-43.730000000000004,80.49,-17.740000000000002
399271.59688263084,6412119.202840927,124.15240350277111,13.119999999999997,-28.86,99.98,-17.740000000000002
399133.27842292655,6412074.545127085,124.15240350277111,13.119999999999997,-164.87,48.72,-17.740000000000002
399137.6506289892,6412080.721947804,124.15240350277111,13.119999999999997,-160.8,55.1,-17.740000000000002
399162.01999672776,6412094.465539619,124.14240350277112,13.11,-137.12,70.0,-17.75
399264.0277864947,6412112.959734034,124.13240350277111,13.099999999999998,-36.12,93.38,-17.76
399177.105946007,6412087.78207238,124.12240350277112,13.09,-121.73,64.05,-17.77
399133.6759350415,6412069.910638536,124.10240350277112,13.07,-164.25,44.11,-17.79
399186.99686091044,6412029.358615599,124.09240350277112,13.059999999999999,-109.04,6.17,-17.8
399238.2190764896,6412002.603527649,124.09240350277112,13.059999999999999,-56.59,-18.09,-17.8
399224.60620818264,6412100.571818008,124.08240350277111,13.05,-74.9,79.11,-17.81
399224.1315516984,6412085.727465508,124.08240350277111,13.05,-74.66,64.26,-17.81
399153.1781096078,6412058.469214362,124.08240350277111,13.05,-144.22,33.62,-17.81
399260.00602309353,6412031.949414203,124.07240350277112,13.04,-36.24,12.27,-17.82
399175.6883857195,6412022.594793538,124.07240350277112,13.04,-120.01,-1.1300000000000001,-17.82
399227.8291667137,6412086.420389166,124.06240350277112,13.029999999999998,-71.0,65.13,-17.830000000000002
399120.19138390786,6412017.548706941,124.06240350277112,13.029999999999998,-175.20000000000002,-8.84,-17.830000000000002
399132.41899628966,6412025.519710356,124.06240350277112,13.029999999999998,-163.37,-0.29,-17.830000000000002
399267.84266829485,6412107.980449261,124.05240350277111,13.02,-32.07,88.59,-17.84
399105.0009421229,6412025.388539743,124.05240350277111,13.02,-190.75,-1.74,-17.84
399117.01821214176,6412052.481801291,124.05240350277111,13.02,-180.05,25.900000000000002,-17.84
399128.0825442382,6411999.29796206,124.05240350277111,13.02,-166.44,-26.69,-17.84
399125.46592227137,6412058.882824142,124.04240350277112,13.009999999999998,-171.92000000000002,32.7,-17.85
399130.0135019211,6412063.9198886985,124.04240350277112,13.009999999999998,-167.62,37.95,-17.85
399172.64805034205,6412062.156856944,124.04240350277112,13.009999999999998,-124.95,38.24,-17.85
399220.91196060856,6412099.948813306,124.03240350277112,13.0,-78.56,78.31,-17.86
399133.07973702985,6412035.289235505,124.03240350277112,13.0,-163.18,9.5,-17.86
399156.25693263655,6412003.90793369,124.03240350277112,13.0,-138.52,-20.73,-17.86
399171.68161067844,6412021.926771256,124.03240350277112,13.0,-123.98,-1.99,-17.86
399176.9026505229,6412057.576881255,124.02240350277111,12.989999999999998,-120.48,33.87,-17.87
399105.0753273959,6412040.6526337825,124.01240350277112,12.98,-191.41,13.51,-17.88
399251.8436479814,6412100.070945547,124.00240350277112,12.969999999999999,-47.67,79.92,-17.89
399164.2790710406,6412050.946478469,124.00240350277112,12.969999999999999,-132.77,26.64,-17.89
399210.80022370734,6412008.899837053,123.98240350277112,12.95,-84.28,-13.120000000000001,-17.91
399165.43564450764,6412095.332228863,123.98240350277112,12.95,-133.75,71.03,-17.91
399177.60827634454,6412102.785277513,123.98240350277112,12.95,-121.95,79.06,-17.91
399105.6874621731,6412085.374964793,123.97240350277112,12.939999999999998,-192.95000000000002,58.21,-17.92
399212.868331358,6412098.403974001,123.96240350277111,12.93,-86.52,76.38,-17.93
399128.37704196136,6412014.351223206,123.96240350277111,12.93,-166.87,-11.64,-17.93
399102.1061263598,6412079.820819153,123.95240350277112,12.919999999999998,-196.26,52.49,-17.94
399112.74139852746,6412031.863671761,123.95240350277112,12.919999999999998,-183.33,5.1000000000000005,-17.94
399147.7450991563,6412012.597467095,123.95240350277112,12.919999999999998,-147.44,-12.46,-17.94
399236.05946180475,6412087.475681883,123.94240350277111,12.91,-62.83,66.58,-17.95
399119.90107639413,6412003.206066963,123.94240350277111,12.91,-174.8,-23.18,-17.95
399168.53544273553,6412051.39223625,123.93240350277111,12.899999999999999,-128.54,27.29,-17.96
399164.58353694563,6412035.233639756,123.91240350277111,12.879999999999999,-131.71,10.96,-17.98
399258.944464482,6412036.515768693,123.90240350277111,12.869999999999997,-37.52,16.78,-17.990000000000002
399160.25309231464,6412044.682901597,123.90240350277111,12.869999999999997,-136.49,20.19,-17.990000000000002
399133.2098009419,6412040.068511957,123.89240350277112,12.86,-163.28,14.280000000000001,-18.0
399279.4942377037,6412075.512344444,123.88240350277111,12.849999999999998,-18.87,56.72,-18.01
399108.3035707601,6411991.480404377,123.88240350277111,12.849999999999998,-185.82,-35.45,-18.01
399117.6019318826,6412062.31510548,123.88240350277111,12.849999999999998,-179.94,35.75,-18.01
399133.7597888372,6412090.360280798,123.88240350277111,12.849999999999998,-165.15,64.54,-18.01
399148.1139593039,6412027.947494525,123.88240350277111,12.849999999999998,-147.81,2.89,-18.01
399163.38986680005,6412015.438144019,123.88240350277111,12.849999999999998,-131.95,-8.870000000000001,-18.01
399187.9428880228,6412024.887929667,123.87240350277112,12.84,-107.88,1.75,-18.02
399113.44717969524,6412056.2879971955,123.87240350277112,12.84,-183.8,29.53,-18.02
399156.9469862463,6412054.613443506,123.87240350277112,12.84,-140.27,29.95,-18.02
399205.01422887,6412097.260481934,123.86240350277112,12.829999999999998,-94.31,74.86,-18.03
399145.1942353038,6412046.939940702,123.86240350277112,12.829999999999998,-151.64000000000001,21.72,-18.03
399139.95487622725,6412016.106288365,123.85240350277112,12.82,-155.39000000000001,-9.33,-18.04
399177.45319715433,6412097.486603108,123.85240350277112,12.82,-121.85000000000001,73.76,-18.04
399101.2274049843,6412039.956937648,123.84240350277112,12.809999999999999,-195.22,12.63,-18.05
399129.6634851576,6412089.496338574,123.84240350277112,12.809999999999999,-169.20000000000002,63.480000000000004,-18.05
399135.8322413621,6412010.538166441,123.84240350277112,12.809999999999999,-159.24,-15.09,-18.05
399231.9819195838,6412087.001288126,123.83240350277111,12.8,-66.88,65.91,-18.06
399116.48670307704,6412027.518468218,123.83240350277111,12.8,-179.38,0.9400000000000001,-18.06
399124.1865129144,6412013.401714751,123.83240350277111,12.8,-171.01,-12.790000000000001,-18.06
399225.20184059796,6412110.444594825,123.82240350277112,12.79,-74.78,89.0,-18.07
399133.0699241943,6412045.271264544,123.82240350277112,12.79,-163.67000000000002,19.47,-18.07
399219.5824789101,6411999.79681593,123.81240350277112,12.779999999999998,-75.07000000000001,-21.79,-18.080000000000002
399244.4395417846,6412109.518067406,123.81240350277112,12.779999999999998,-55.52,89.0,-18.080000000000002
399167.5317830233,6412016.209785126,123.81240350277112,12.779999999999998,-127.85000000000001,-7.9,-18.080000000000002
399159.8351516604,6412024.779963983,123.80240350277111,12.77,-135.95,0.29,-18.09
399168.80642058636,6412056.394992592,123.80240350277111,12.77,-128.51,32.3,-18.09
399187.309784907,6412004.674983804,123.79240350277112,12.759999999999998,-107.54,-18.47,-18.1
399207.47969521617,6412037.86310846,123.79240350277112,12.759999999999998,-88.99,15.65,-18.1
399270.16422694206,6412008.593699816,123.79240350277112,12.759999999999998,-24.97,-10.57,-18.1
399155.8411375181,6412023.961153242,123.79240350277112,12.759999999999998,-139.9,-0.72,-18.1
399199.17325932614,6411996.354642782,123.78240350277112,12.75,-95.29,-26.21,-18.11
399100.63821796316,6412020.0322128385,123.78240350277112,12.75,-194.85,-7.3,-18.11
399112.4681224028,6411991.890538032,123.78240350277112,12.75,-181.68,-34.84,-18.11
399137.77986066486,6412065.528139883,123.78240350277112,12.75,-159.94,39.93,-18.11
399176.77872652886,6412052.717216366,123.78240350277112,12.75,-120.37,29.01,-18.11
399216.70951888716,6412098.959832224,123.77240350277111,12.739999999999998,-82.71000000000001,77.12,-18.12
399230.5653374105,6412001.6706406735,123.77240350277111,12.739999999999998,-64.19,-19.39,-18.12
399244.1675267426,6412099.089078584,123.77240350277111,12.739999999999998,-55.29,78.57000000000001,-18.12
399266.93218729016,6412048.124949728,123.77240350277111,12.739999999999998,-30.1,28.76,-18.12
399203.3229182552,6412027.2207541475,123.76240350277112,12.73,-92.63,4.82,-18.13
399229.2792434609,6412111.539713946,123.76240350277112,12.73,-70.76,90.29,-18.13
399109.5493285527,6412051.229651966,123.76240350277112,12.73,-187.45000000000002,24.29,-18.13
399124.9314357752,6412048.616650359,123.76240350277112,12.73,-171.96,22.42,-18.13
399235.9371337381,6412077.6602024855,123.75240350277112,12.719999999999999,-62.480000000000004,56.77,-18.14
399136.68904565304,6412070.526401841,123.75240350277112,12.719999999999999,-161.27,44.87,-18.14
399106.3374935486,6412091.180415612,123.74240350277111,12.709999999999997,-192.58,64.04,-18.150000000000002
399157.25213164923,6412063.859468939,123.72240350277112,12.689999999999998,-140.41,39.2,-18.17
399204.56526976975,6412092.096100487,123.71240350277111,12.68,-94.51,69.68,-18.18
399131.88414523995,6411999.655495032,123.71240350277111,12.68,-162.66,-26.150000000000002,-18.18
399172.9155308617,6412087.042801855,123.71240350277111,12.68,-125.88000000000001,63.11,-18.18
399164.85740803485,6412075.426999835,123.70240350277112,12.669999999999998,-133.37,51.120000000000005,-18.19
399164.62530784536,6412070.192104471,123.69240350277111,12.66,-133.35,45.88,-18.2
399171.23030108784,6411991.353084538,123.69240350277111,12.66,-122.96000000000001,-32.55,-18.2
399175.34427421016,6412012.539705908,123.69240350277111,12.66,-119.87,-11.19,-18.2
399210.72944575513,6411997.660228942,123.68240350277111,12.649999999999999,-83.81,-24.35,-18.21
399243.89344809053,6412089.240861443,123.68240350277111,12.649999999999999,-55.09,68.72,-18.21
399110.3571433902,6412091.907887365,123.68240350277111,12.649999999999999,-188.6,64.96000000000001,-18.21
399278.3398952695,6412013.295842667,123.67240350277112,12.64,-17.03,-5.48,-18.22
399211.17105641204,6412038.42618263,123.66240350277111,12.629999999999999,-85.33,16.39,-18.23
399236.5248387333,6412102.750979729,123.66240350277111,12.629999999999999,-63.1,81.86,-18.23
399135.4837386004,6411990.621872964,123.66240350277111,12.629999999999999,-158.63,-35.0,-18.23
399224.33834451356,6412096.049468063,123.65240350277111,12.619999999999997,-74.95,74.58,-18.240000000000002
399120.14784835454,6412012.69518197,123.65240350277111,12.619999999999997,-175.01,-13.69,-18.240000000000002
399120.69122178876,6412023.561623213,123.65240350277111,12.619999999999997,-174.99,-2.81,-18.240000000000002
399125.576207774,6412088.611938444,123.65240350277111,12.619999999999997,-173.24,62.4,-18.240000000000002
399155.943946955,6412018.82025544,123.65240350277111,12.619999999999997,-139.55,-5.8500000000000005,-18.240000000000002
399208.44617371616,6412072.89717644,123.64240350277112,12.61,-89.71000000000001,50.69,-18.25
399175.3507972775,6411992.095722502,123.64240350277112,12.61,-118.88,-31.61,-18.25
399123.8694414569,6412008.481271103,123.62240350277112,12.59,-171.09,-17.72,-18.27
399157.4750890332,6412084.702875331,123.61240350277112,12.579999999999998,-141.19,60.03,-18.28
399172.7015126326,6412057.238590807,123.61240350277112,12.579999999999998,-124.66,33.33,-18.28
399149.0721980473,6412053.040449284,123.60240350277112,12.57,-148.06,28.0,-18.29
399201.02317617094,6412101.907857358,123.59240350277112,12.559999999999999,-98.52,79.31,-18.3
399128.24076306634,6412004.246079561,123.59240350277112,12.559999999999999,-166.52,-21.740000000000002,-18.3
399192.5382459925,6412100.554469069,123.58240350277111,12.55,-106.93,77.55,-18.31
399153.1035099115,6412038.419590054,123.58240350277111,12.55,-143.33,13.59,-18.31
399176.60702194733,6412067.652768498,123.58240350277111,12.55,-121.26,43.92,-18.31
399208.64507794793,6412093.24116172,123.57240350277112,12.54,-90.49,71.02,-18.32
399109.8383296274,6412080.719892358,123.57240350277112,12.54,-188.58,53.76,-18.32
399247.7546486927,6412100.398030882,123.56240350277112,12.529999999999998,-51.77,80.05,-18.330000000000002
399141.45439803443,6412061.376564865,123.56240350277112,12.529999999999998,-156.07,35.96,-18.330000000000002
399151.6021617658,6412013.482943252,123.56240350277112,12.529999999999998,-143.63,-11.39,-18.330000000000002
399124.4403614624,6412023.661381456,123.54240350277112,12.509999999999998,-171.25,-2.5300000000000002,-18.35
399147.94748473103,6412033.221609259,123.54240350277112,12.509999999999998,-148.23,8.15,-18.35
399232.06982944655,6412077.185694825,123.53240350277112,12.5,-66.32000000000001,56.11,-18.36
399101.21313529945,6412054.003887365,123.53240350277112,12.5,-195.91,26.66,-18.36
399156.9636961709,6412059.117854765,123.53240350277112,12.5,-140.47,34.45,-18.36
399113.6211890704,6412036.827094835,123.52240350277111,12.489999999999998,-182.69,10.1,-18.37
399120.82704507705,6412032.825815138,123.52240350277111,12.489999999999998,-175.3,6.45,-18.37
399132.20535469,6412014.84763196,123.52240350277111,12.489999999999998,-163.07,-10.96,-18.37
399161.3531549061,6412079.580385204,123.52240350277111,12.489999999999998,-137.07,55.1,-18.37
399266.218458462,6412008.153005927,123.49240350277111,12.459999999999997,-28.89,-11.200000000000001,-18.400000000000002
399224.12500839046,6412075.405830115,123.48240350277112,12.45,-74.17,53.95,-18.41
399232.7240859561,6412102.203185676,123.48240350277112,12.45,-66.87,81.13,-18.41
399149.099705782,6412062.5501361005,123.48240350277112,12.45,-148.49,37.5,-18.41
399226.70646445046,6412000.955448755,123.47240350277112,12.439999999999998,-68.01,-20.29,-18.42
399105.55597106006,6412060.40237762,123.47240350277112,12.439999999999998,-191.88,33.26,-18.42
399125.8276441466,6412063.690989833,123.47240350277112,12.439999999999998,-171.79,37.52,-18.42
399240.41396644834,6412113.6565143615,123.46240350277111,12.43,-59.74,92.94,-18.43
399105.5311447487,6412065.49947323,123.46240350277111,12.43,-192.15,38.35,-18.43
399113.41867099795,6412051.954351243,123.46240350277111,12.43,-183.62,25.2,-18.43
399269.95023842173,6412028.887489725,123.45240350277112,12.419999999999998,-26.16,9.69,-18.44
399196.589863026,6412090.928415911,123.44240350277111,12.41,-102.42,68.13,-18.45
399100.6374702604,6412024.7977662645,123.44240350277111,12.41,-195.08,-2.54,-18.45
399244.0772249448,6412104.489675365,123.43240350277111,12.399999999999999,-55.64,83.96000000000001,-18.46
399105.4589115311,6412050.6958087385,123.43240350277111,12.399999999999999,-191.51,23.56,-18.46
399143.5424041752,6412012.018973449,123.43240350277111,12.399999999999999,-151.61,-13.24,-18.46
399124.120568441,6412017.229318611,123.42240350277112,12.39,-171.26,-8.97,-18.47
399160.16906979267,6412049.382384569,123.41240350277111,12.379999999999999,-136.8,24.88,-18.48
399164.89671845426,6412061.068484777,123.39240350277112,12.36,-132.64000000000001,36.78,-18.5
399171.36480586085,6412012.230785762,123.39240350277112,12.36,-123.83,-11.69,-18.5
399240.5372726293,6412103.32862515,123.38240350277111,12.349999999999998,-59.120000000000005,82.63,-18.51
399129.5440594571,6412059.577444253,123.38240350277111,12.349999999999998,-167.88,33.59,-18.51
399153.02843601245,6412053.490650529,123.38240350277111,12.349999999999998,-144.13,28.64,-18.51
399183.37963433575,6412028.671831857,123.37240350277112,12.34,-112.62,5.3100000000000005,-18.52
399216.49550751835,6412104.286294383,123.37240350277112,12.34,-83.18,82.43,-18.52
399161.0878264419,6412055.154869841,123.37240350277112,12.34,-136.16,30.69,-18.52
399208.96402144094,6412107.762631173,123.35240350277112,12.32,-90.87,85.54,-18.54
399129.34397867613,6412034.42795186,123.35240350277112,12.32,-166.87,8.46,-18.54
399195.3159140887,6412020.408053927,123.33240350277111,12.3,-100.3,-2.37,-18.56
399121.01226512063,6412048.104594329,123.33240350277111,12.3,-175.85,21.72,-18.56
399136.3112114258,6412045.635760199,123.33240350277111,12.3,-160.45000000000002,19.990000000000002,-18.56
399180.0425072137,6412069.139220984,123.30240350277111,12.27,-117.9,45.57,-18.59
399186.4307675235,6411994.115044011,123.28240350277112,12.25,-107.91,-29.060000000000002,-18.61
399108.4859298817,6412005.868289737,123.27240350277111,12.239999999999998,-186.33,-21.07,-18.62
399140.90716401965,6412046.89612513,123.26240350277112,12.23,-155.92000000000002,21.47,-18.63
399220.1452962496,6412094.839779564,123.25240350277112,12.219999999999999,-79.08,73.17,-18.64
399125.18533914787,6412033.516953903,123.25240350277112,12.219999999999999,-170.98,7.3500000000000005,-18.64
399152.7636209281,6412063.374833499,123.25240350277112,12.219999999999999,-144.87,38.5,-18.64
399152.38348842715,6412003.513814472,123.25240350277112,12.219999999999999,-142.37,-21.31,-18.64
399121.18270209944,6412043.120624902,123.23240350277112,12.2,-175.44,16.75,-18.66
399168.92853423,6412061.424941721,123.23240350277112,12.2,-128.63,37.33,-18.66
399137.2734902482,6412060.626824852,123.22240350277112,12.189999999999998,-160.21,35.01,-18.67
399108.92718284554,6412066.166875093,123.21240350277111,12.18,-188.79,39.18,-18.68
399148.97720212856,6412042.753108724,123.21240350277111,12.18,-147.66,17.72,-18.68
399164.3772454339,6412055.687244422,123.21240350277111,12.18,-132.9,31.38,-18.68
399161.2624014134,6412060.442593696,123.20240350277112,12.169999999999998,-136.24,35.980000000000004,-18.69
399236.06167554535,6412097.707421477,123.19240350277111,12.16,-63.32,76.8,-18.7
399239.89162303775,6412088.051998015,123.19240350277111,12.16,-59.03,67.34,-18.7
399124.95231306076,6412038.864355032,123.19240350277111,12.16,-171.47,12.68,-18.7
399152.87206637155,6412043.176231085,123.19240350277111,12.16,-143.79,18.330000000000002,-18.7
399101.57562772586,6412069.013827378,123.18240350277111,12.149999999999999,-196.27,41.67,-18.71
399148.8324530656,6412038.0846670475,123.18240350277111,12.149999999999999,-147.58,13.05,-18.71
399121.7529749236,6412067.641581019,123.17240350277112,12.14,-176.05,41.27,-18.72
399132.061011625,6412004.782923069,123.16240350277111,12.129999999999999,-162.73,-21.02,-18.73
399119.974112139,6411987.884814867,123.15240350277111,12.119999999999997,-173.99,-38.480000000000004,-18.740000000000002
399136.92612519924,6412050.712056196,123.15240350277111,12.119999999999997,-160.08,25.09,-18.740000000000002
399141.5146340441,6412051.402118933,123.15240350277111,12.119999999999997,-155.53,26.0,-18.740000000000002
399167.92347016494,6412021.016507623,123.15240350277111,12.119999999999997,-127.69,-3.08,-18.740000000000002
399108.7699969561,6412015.716025816,123.14240350277112,12.11,-186.52,-11.22,-18.75
399147.80654794385,6412018.030801618,123.14240350277112,12.11,-147.64000000000001,-7.03,-18.75
399122.53784200497,6412083.522210215,123.13240350277111,12.099999999999998,-176.03,57.17,-18.76
399279.6105466147,6412120.7491234215,123.12240350277112,12.09,-20.93,101.91,-18.77
399157.5114340972,6412088.575610673,123.11240350277112,12.079999999999998,-141.34,63.9,-18.78
399165.55677317677,6412085.374873399,123.11240350277112,12.079999999999998,-133.15,61.09,-18.78
399163.0928632401,6411995.759648423,123.10240350277112,12.07,-131.3,-28.54,-18.79
399183.30297363736,6411993.404688182,123.09240350277112,12.059999999999999,-111.0,-29.92,-18.8
399236.43656170915,6412112.766822538,123.09240350277112,12.059999999999999,-63.67,91.86,-18.8
399159.3347067386,6412015.012730247,123.09240350277112,12.059999999999999,-135.98,-9.49,-18.8
399205.39796574326,6412102.317877115,123.08240350277111,12.05,-94.17,79.93,-18.81
399167.19931754837,6412010.969711965,123.08240350277111,12.05,-127.93,-13.15,-18.81
399197.02223817946,6412095.332715144,123.07240350277112,12.04,-102.2,72.55,-18.82
399109.39455483883,6412035.95941801,123.07240350277112,12.04,-186.87,9.03,-18.82
399114.16007367923,6412092.085147671,123.06240350277112,12.029999999999998,-184.81,65.32000000000001,-18.830000000000002
399125.60955647007,6412068.517068754,123.06240350277112,12.029999999999998,-172.24,42.33,-18.830000000000002
399122.06944880844,6412088.140089362,123.05240350277111,12.02,-176.72,61.76,-18.84
399240.320085394,6412098.403370873,123.04240350277112,12.009999999999998,-59.1,77.7,-18.85
399136.896465409,6412040.741939833,123.04240350277112,12.009999999999998,-159.63,15.13,-18.85
399147.6910941176,6412007.734434762,123.03240350277112,12.0,-147.26,-17.32,-18.86
399200.6956740648,6412091.781888648,123.01240350277112,11.98,-98.36,69.18,-18.88
399116.68827501143,6411992.20788951,123.00240350277112,11.969999999999999,-177.48,-34.32,-18.89
399151.476742366,6412018.154385213,123.00240350277112,11.969999999999999,-143.98,-6.73,-18.89
399206.9007658651,6411997.364069695,122.98240350277112,11.95,-87.62,-24.830000000000002,-18.91
399125.6040343654,6412083.785011297,122.98240350277112,11.95,-172.98,57.58,-18.91
399161.40919809847,6412084.693609154,122.98240350277112,11.95,-137.26,60.21,-18.91
399141.3693357133,6412076.448106403,122.97240350277112,11.939999999999998,-156.88,51.01,-18.92
399145.41776089213,6412076.7336822655,122.97240350277112,11.939999999999998,-152.85,51.49,-18.92
399109.6189808683,6412056.001826371,122.96240350277111,11.93,-187.61,29.060000000000002,-18.93
399145.01607846766,6412036.796767621,122.96240350277111,11.93,-151.33,11.58,-18.93
399255.840610187,6412110.720996867,122.94240350277111,11.91,-44.19,90.75,-18.95
399164.9085038469,6412065.262773886,122.94240350277111,11.91,-132.83,40.97,-18.95
399208.77114061755,6412102.92631057,122.93240350277111,11.899999999999999,-90.83,80.7,-18.96
399104.3796123234,6412005.835791875,122.93240350277111,11.899999999999999,-190.43,-21.3,-18.96
399108.81997529586,6412026.315893843,122.93240350277111,11.899999999999999,-186.98,-0.63,-18.96
399116.4569065366,6412002.370786173,122.93240350277111,11.899999999999999,-178.20000000000002,-24.18,-18.96
399153.19507018407,6412078.361429228,122.93240350277111,11.899999999999999,-145.16,53.49,-18.96
399124.5392714823,6412020.1025028685,122.92240350277112,11.89,-170.98,-6.08,-18.97
399220.22906811984,6412074.752492983,122.90240350277111,11.869999999999997,-78.03,53.11,-18.990000000000002
399156.72864791803,6412044.05171882,122.88240350277111,11.849999999999998,-139.98,19.39,-19.01
399171.33986564784,6412017.117643444,122.88240350277111,11.849999999999998,-124.09,-6.8100000000000005,-19.01
399219.9922780618,6412104.7586245295,122.87240350277112,11.84,-79.71000000000001,83.07000000000001,-19.02
399214.9624477079,6411998.867993188,122.86240350277112,11.829999999999998,-79.64,-22.94,-19.03
399120.9516779375,6412038.115944309,122.86240350277112,11.829999999999998,-175.43,11.74,-19.03
399114.2109028513,6412086.696463565,122.85240350277112,11.82,-184.5,59.94,-19.04
399127.7555231952,6411989.181981772,122.85240350277112,11.82,-166.28,-36.81,-19.04
399116.9828184315,6412037.195806156,122.84240350277112,11.809999999999999,-179.35,10.63,-19.05
399124.3653397802,6412029.171369817,122.84240350277112,11.809999999999999,-171.59,2.97,-19.05
399125.0119769542,6412043.637010501,122.84240350277112,11.809999999999999,-171.64000000000001,17.45,-19.05
399133.29854990134,6412085.356676233,122.84240350277112,11.809999999999999,-165.37,59.52,-19.05
399143.228420139,6412016.309045014,122.84240350277112,11.809999999999999,-152.13,-8.97,-19.05
399117.21918650344,6412032.7492872765,122.83240350277111,11.8,-178.9,6.2,-19.06
399145.1609254443,6412061.838792686,122.83240350277111,11.8,-152.39000000000001,36.6,-19.06
399163.9243921326,6412020.508300097,122.83240350277111,11.8,-131.66,-3.7800000000000002,-19.06
399155.51391803974,6411988.896297224,122.81240350277112,11.779999999999998,-138.54,-35.76,-19.080000000000002
399102.07896979817,6412090.274228284,122.80240350277111,11.77,-196.79,62.93,-19.09
399129.7647375038,6412084.115237577,122.78240350277112,11.75,-168.84,58.11,-19.11
399223.72714215366,6412001.2491129385,122.77240350277111,11.739999999999998,-71.0,-20.14,-19.12
399136.8759621453,6412085.42465886,122.77240350277111,11.739999999999998,-161.8,59.76,-19.12
399143.671444276,6412007.006963008,122.76240350277112,11.73,-151.24,-18.240000000000002,-19.13
399144.51410321536,6412018.059221869,122.75240350277112,11.719999999999999,-150.93,-7.16,-19.14
399112.44511591026,6412016.149731563,122.74240350277111,11.709999999999997,-182.87,-10.61,-19.150000000000002
399157.32762492605,6412039.027086838,122.74240350277111,11.709999999999997,-139.14000000000001,14.4,-19.150000000000002
399212.67027274275,6412093.668018681,122.73240350277112,11.7,-86.49,71.64,-19.16
399112.474269181,6412026.940822798,122.72240350277112,11.689999999999998,-183.36,0.17,-19.17
399161.04381929385,6412069.623738607,122.72240350277112,11.689999999999998,-136.9,45.14,-19.17
399151.9859991607,6412023.115630771,122.71240350277111,11.68,-143.71,-1.75,-19.18
399220.8708532189,6412110.112558196,122.70240350277112,11.669999999999998,-79.09,88.46000000000001,-19.19
399228.3669067495,6412096.546243976,122.69240350277111,11.66,-70.95,75.27,-19.2
399108.69360975793,6412010.804013501,122.68240350277111,11.649999999999999,-186.36,-16.13,-19.21
399212.2530664113,6412073.364582055,122.67240350277112,11.64,-85.93,51.34,-19.22
399149.71197044884,6412087.319359583,122.67240350277112,11.64,-149.07,62.27,-19.22
399135.05224268424,6412028.226168081,122.66240350277111,11.629999999999999,-160.87,2.54,-19.23
399232.3055731858,6412097.047349462,122.65240350277111,11.619999999999997,-67.04,75.96000000000001,-19.240000000000002
399104.21278266545,6412014.8442472285,122.65240350277111,11.619999999999997,-191.03,-12.31,-19.240000000000002
399129.20730325143,6412049.051457589,122.64240350277112,11.61,-167.71,23.06,-19.25
399101.3563311834,6412034.734689276,122.63240350277111,11.599999999999998,-194.84,7.42,-19.26
399139.6521227594,6412011.275259455,122.63240350277111,11.599999999999998,-155.46,-14.17,-19.26
399145.4786147149,6412081.946790437,122.63240350277111,11.599999999999998,-153.04,56.7,-19.26
399105.1326770274,6412030.61825732,122.62240350277112,11.59,-190.87,3.49,-19.27
399115.8705376892,6412012.230409473,122.61240350277112,11.579999999999998,-179.26,-14.36,-19.28
399157.04528400936,6412078.8968295455,122.61240350277112,11.579999999999998,-141.34,54.21,-19.28
399203.0551348669,6411996.508077742,122.60240350277112,11.57,-91.42,-25.87,-19.29
399161.1296521663,6412064.753971394,122.60240350277112,11.57,-136.58,40.28,-19.29
399212.7482787167,6412108.591544238,122.58240350277111,11.55,-87.13,86.55,-19.31
399105.2431312563,6412035.198246387,122.58240350277111,11.55,-190.98,8.07,-19.31
399193.31189849373,6412105.392853283,122.57240350277112,11.54,-106.39,82.42,-19.32
399123.5280407391,6411988.504566031,122.56240350277112,11.529999999999998,-170.47,-37.69,-19.330000000000002
399141.5639652024,6412071.342832724,122.55240350277111,11.52,-156.44,45.92,-19.34
399108.95425487356,6412030.974828163,122.54240350277112,11.509999999999998,-187.07,4.03,-19.35
399164.19083546114,6412039.968012529,122.49240350277111,11.459999999999997,-132.33,15.67,-19.400000000000002
399233.9902647461,6412002.106384572,122.48240350277112,11.45,-60.79,-18.79,-19.41
399175.4056090962,6412017.762802504,122.48240350277112,11.45,-120.06,-5.97,-19.41
399120.03583703475,6412007.874989704,122.46240350277111,11.43,-174.89000000000001,-18.51,-19.43
399120.70479207544,6412028.416591374,122.45240350277112,11.419999999999998,-175.21,2.04,-19.44
399139.6236555064,6411985.947304748,122.45240350277112,11.419999999999998,-154.27,-39.47,-19.44
399145.0498534022,6412042.071249517,122.45240350277112,11.419999999999998,-151.55,16.85,-19.44
399243.15619287,6412078.714140454,122.44240350277111,11.41,-55.32,58.17,-19.45
399113.1213554419,6412081.743142816,122.42240350277112,11.39,-185.35,54.94,-19.47
399149.5761083241,6412083.251185364,122.42240350277112,11.39,-149.01,58.2,-19.47
399155.69065453514,6412013.976832789,122.42240350277112,11.39,-139.57,-10.700000000000001,-19.47
399169.2006135647,6412065.826949538,122.41240350277111,11.379999999999999,-128.57,41.74,-19.48
399167.2592869182,6412005.770807881,122.39240350277112,11.36,-127.62,-18.34,-19.5
399101.74555818544,6412064.850832826,122.37240350277112,11.34,-195.9,37.52,-19.52
399143.5390915585,6411986.589691333,122.36240350277112,11.329999999999998,-150.39000000000001,-38.64,-19.53
399112.46872683585,6412011.443146544,122.35240350277112,11.32,-182.62,-15.31,-19.54
399148.3459093633,6412022.369878623,122.34240350277112,11.309999999999999,-147.31,-2.67,-19.55
399143.813398014,6411996.858384334,122.33240350277111,11.3,-150.61,-28.37,-19.56
399188.92735091044,6412089.605499405,122.31240350277112,11.279999999999998,-110.01,66.44,-19.580000000000002
399167.09659916465,6412001.353519946,122.30240350277111,11.27,-127.57000000000001,-22.76,-19.59
399204.94870116684,6412107.125055221,122.26240350277112,11.23,-94.85000000000001,84.71000000000001,-19.63
399100.90567563445,6412029.950830001,122.25240350277112,11.219999999999999,-195.06,2.62,-19.64
399149.388255162,6412067.501988202,122.24240350277111,11.209999999999997,-148.44,42.46,-19.650000000000002
399153.2327712959,6412073.3237830885,122.24240350277111,11.209999999999997,-144.88,48.46,-19.650000000000002
399145.1578863278,6412066.76464193,122.22240350277112,11.189999999999998,-152.63,41.52,-19.67
399143.5306213906,6411992.026393297,122.22240350277112,11.189999999999998,-150.66,-33.21,-19.67
399151.2882459343,6411988.048597244,122.22240350277112,11.189999999999998,-142.72,-36.81,-19.67
399169.7457960456,6412084.422252066,122.18240350277111,11.149999999999999,-128.92000000000002,60.34,-19.71
399212.9841911821,6412103.304073642,122.16240350277111,11.129999999999999,-86.64,81.28,-19.73
399139.6050441782,6411996.370267553,122.15240350277111,11.119999999999997,-154.79,-29.060000000000002,-19.740000000000002
399140.88633243093,6412086.583075956,122.14240350277112,11.11,-157.85,61.11,-19.75
399184.6051620242,6412088.83252901,122.13240350277111,11.099999999999998,-114.29,65.46000000000001,-19.76
399116.20656218,6412007.358604105,122.13240350277111,11.099999999999998,-178.69,-19.21,-19.76
399163.08603730425,6412010.376900333,122.10240350277112,11.07,-132.01,-13.94,-19.79
399189.36890249024,6412104.801852001,122.08240350277111,11.05,-110.3,81.64,-19.81
399157.0845422121,6412074.099386604,122.08240350277111,11.05,-141.07,49.42,-19.81
399216.9105389458,6412109.161973712,122.07240350277112,11.04,-83.0,87.32000000000001,-19.82
399131.6570472554,6411984.338686404,122.07240350277112,11.04,-162.15,-41.46,-19.82
399132.586250882,6412049.779752108,122.05240350277111,11.02,-164.37,23.95,-19.84
399101.22868205496,6412049.337737099,122.01240350277112,10.98,-195.67000000000002,22.0,-19.88
399151.3115742319,6412008.280899528,122.01240350277112,10.98,-143.67000000000002,-16.6,-19.88
399159.8422563122,6412008.921261339,122.00240350277112,10.969999999999999,-135.18,-15.55,-19.89
399197.38666823815,6412106.017554436,121.97240350277112,10.939999999999998,-102.35000000000001,83.24,-19.92
399100.89330474555,6412044.868696703,121.97240350277112,10.939999999999998,-195.79,17.52,-19.92
399140.8989497192,6412036.12404861,121.96240350277111,10.93,-155.41,10.71,-19.93
399135.9061067355,6412030.988289762,121.93240350277111,10.899999999999999,-160.15,5.34,-19.96
399160.7686874623,6412074.51263444,121.89240350277112,10.86,-137.41,50.01,-20.0
399149.7792334375,6412071.878246423,121.88240350277111,10.849999999999998,-148.26,46.85,-20.01
399208.61858064414,6412097.887816205,121.87240350277112,10.84,-90.74,75.66,-20.02
399123.2276015333,6411998.4805690525,121.85240350277112,10.82,-171.25,-27.740000000000002,-20.04
399112.2440703951,6412006.778553369,121.84240350277112,10.809999999999999,-182.62,-19.98,-20.05
399181.87761780486,6412064.835958369,121.82240350277112,10.79,-115.86,41.36,-20.07
399120.5652005637,6411992.882165612,121.80240350277111,10.77,-173.64000000000001,-33.46,-20.09
399104.03842602874,6411990.644617069,121.79240350277112,10.759999999999998,-190.04,-36.49,-20.1
399147.7253276073,6412072.677978152,121.77240350277111,10.739999999999998,-150.35,47.550000000000004,-20.12
399152.8379699726,6412068.036654198,121.74240350277111,10.709999999999997,-145.02,43.160000000000004,-20.150000000000002
399141.15665623994,6412065.796004854,121.65240350277111,10.619999999999997,-156.58,40.36,-20.240000000000002
399128.3239830608,6412029.671513175,121.63240350277111,10.599999999999998,-167.66,3.66,-20.26
399144.2772795367,6412021.664789029,121.62240350277112,10.59,-151.34,-3.5700000000000003,-20.27
399099.85018839553,6411989.534812798,121.60240350277112,10.57,-194.17000000000002,-37.800000000000004,-20.29
399123.92442460964,6411993.200934823,121.58240350277111,10.55,-170.3,-32.980000000000004,-20.31
399139.38267915096,6411991.545378559,121.47240350277112,10.439999999999998,-154.78,-33.89,-20.42
399115.7030056845,6411981.312672929,121.43240350277111,10.399999999999999,-177.94,-45.25,-20.46
399156.86243044457,6412068.864010173,121.43240350277111,10.399999999999999,-141.04,44.18,-20.46
399104.0336248668,6412009.877115009,121.41240350277111,10.379999999999999,-190.97,-17.28,-20.48
399192.5877847136,6412090.150039921,121.40240350277111,10.369999999999997,-106.38,67.16,-20.490000000000002
399216.30197265313,6412073.660146337,121.38240350277111,10.349999999999998,-81.9,51.83,-20.51
399147.5838960363,6411987.215835676,121.36240350277112,10.329999999999998,-146.38,-37.82,-20.53
399163.36068807263,6412005.478016075,121.35240350277112,10.32,-131.5,-18.82,-20.54
399140.5778381827,6412041.305495067,121.34240350277112,10.309999999999999,-155.98,15.870000000000001,-20.55
399135.568014382,6411985.511902554,121.29240350277112,10.259999999999998,-158.3,-40.1,-20.6
399145.3484662695,6412052.428876193,121.25240350277112,10.219999999999999,-151.75,27.21,-20.64
399160.08081527636,6411999.739154305,121.19240350277111,10.16,-134.5,-24.71,-20.7
399127.8524459738,6411983.710984972,121.16240350277111,10.129999999999999,-165.92000000000002,-42.27,-20.73
399185.6094326893,6412104.071861031,121.12240350277112,10.09,-114.02,80.73,-20.77
399184.3754831378,6412063.484230298,121.03240350277112,10.0,-113.3,40.13,-20.86
399171.82767956064,6412007.082558113,120.93240350277111,9.899999999999999,-123.12,-16.81,-20.96
399155.62148328254,6412009.214646808,120.88240350277111,9.849999999999998,-139.41,-15.46,-21.01
399111.87746543245,6411980.665956778,120.57240350277112,9.54,-181.73,-46.08,-21.32
399163.7231964871,6412000.324610633,120.52240350277111,9.489999999999998,-130.89000000000001,-23.95,-21.37
399104.08684988576,6411985.205990854,120.20240350277112,9.169999999999998,-189.73,-41.92,-21.69
399146.1309629603,6412086.76098214,120.18240350277111,9.149999999999999,-152.62,61.54,-21.71
399099.87790108507,6411984.49764772,120.12240350277112,9.09,-193.9,-42.83,-21.77
399107.79433942167,6411985.68819552,120.05240350277111,9.02,-186.05,-41.26,-21.84
399180.54585580586,6412050.903894274,120.03240350277112,9.0,-116.52,27.38,-21.86
399121.1016465774,6412096.316112774,119.85240350277112,8.82,-178.08,69.88,-22.04
399121.18547162745,6411984.142207729,119.76240350277112,8.73,-172.6,-42.160000000000004,-22.13
399103.9386449362,6411979.426428993,119.66240350277111,8.629999999999999,-189.6,-47.7,-22.23
399100.82960990065,6411994.903912676,119.48240350277112,8.45,-193.45000000000002,-32.39,-22.41
399099.49201215623,6411978.979822992,119.40240350277111,8.369999999999997,-194.02,-48.36,-22.490000000000002
399107.7528674786,6411980.25389887,119.37240350277112,8.34,-185.83,-46.69,-22.52
399119.8339713597,6411982.064818257,118.81240350277112,7.779999999999998,-173.85,-44.300000000000004,-23.080000000000002
399180.53677043255,6412025.354751089,118.80240350277111,7.77,-115.3,1.86,-23.09
399163.2638067383,6411989.954704122,118.51240350277112,7.48,-130.85,-34.33,-23.38
399159.7627066276,6411989.392478177,118.41240350277111,7.379999999999999,-134.32,-35.06,-23.48
399123.3532379643,6411982.796366315,118.37240350277112,7.34,-170.37,-43.4,-23.52
399221.505292142,6412090.64950378,118.09240350277112,7.059999999999999,-77.52,69.05,-23.8
399166.57475966576,6411990.726319775,118.09240350277112,7.059999999999999,-127.58,-33.4,-23.8
399162.8440335665,6412104.507524647,117.68240350277111,6.649999999999999,-136.78,80.07000000000001,-24.21
399101.8409052773,6412095.101269334,117.59240350277112,6.559999999999999,-197.26,67.74,-24.3
399099.8829101506,6412009.546407669,117.51240350277112,6.48,-195.1,-17.81,-24.38
399270.1413066275,6412124.31878644,114.93240350277111,3.8999999999999986,-30.560000000000002,105.02,-26.96
399272.9116948257,6412124.675926792,114.92240350277112,3.8900000000000006,-27.810000000000002,105.51,-26.97
399277.6550938939,6412125.048170368,114.74240350277111,3.7099999999999973,-23.09,106.11,-27.150000000000002
399250.3454825627,6412120.516688389,114.53240350277112,3.5,-50.15,100.27,-27.36
399252.7751883779,6412120.65997011,114.45240350277112,3.419999999999998,-47.730000000000004,100.53,-27.44
399221.6522911741,6412116.151958393,114.40240350277111,3.3699999999999974,-78.60000000000001,94.53,-27.490000000000002
399128.48983755335,6412099.634536212,114.38240350277111,3.349999999999998,-170.86,73.55,-27.51
399216.3229935493,6412114.2160899,114.28240350277112,3.25,-83.83,92.34,-27.61
399281.1630682453,6412125.12950886,114.28240350277112,3.25,-19.59,106.36,-27.61
399239.3079852225,6412118.755622668,114.15240350277111,3.1199999999999974,-61.09,97.98,-27.740000000000002
